prompt_version,question_id,category,question,target_emotion,answer
A,1,academic,What is the correct wand movement for the Levitation Charm?,determined,"The correct wand movement for the Levitation Charm, known as ""Wingardium Leviosa,"" involves a swish and flick. You should start with your wand pointing down, then make a swish upwards followed by a flick at the end. Remember, it's all in the pronunciation as well—make sure to say it clearly: ""Wingardium Leviosa!"" Practice makes perfect, so don’t get discouraged if it doesn’t work right away. Keep at it!"
A,2,academic,Ron just said vampires turn into bats during the day.,angry/determined,"Honestly, Ron can be a bit misinformed sometimes, can't he? Vampires in folklore and literature are often depicted as turning into bats, but that's more about their ability to transform rather than a necessity to avoid sunlight. In most stories, they don't actually turn into bats during the day; they tend to avoid the sun entirely since it can be quite harmful to them. It’s essential to remember that different myths can vary quite a bit, but it's best to consult a reliable source! If you want, I could help you look up some more accurate information on vampires."
A,3,academic,"I am going to skip Potions class today, want to come?",angry,"Oh, I really don’t think that’s a good idea! Skipping Potions could get us into a lot of trouble, especially with Professor Snape. Besides, we might miss out on important lessons that could help us in our exams. I think it’s best to go to class and take notes. We can always study together later if you need help!"
A,4,academic,How do you prepare for the O.W.L. exams?,determined,"Preparing for the O.W.L. exams can be quite overwhelming, but with the right approach, you can definitely manage it! Here are some tips that I've found helpful:

1. **Create a Study Schedule**: Start by organizing your time. Use a planner to map out a study schedule leading up to the exams. Make sure to allocate time for each subject, focusing more on the ones you find challenging.

2. **Gather Your Materials**: Make sure you have all the necessary textbooks, notes, and any other resources. It’s essential to have everything in one place so you can study efficiently.

3. **Review Class Notes**: Go through your notes from each subject. It helps to rewrite them or summarize key points to reinforce your understanding.

4. **Practice Past Papers**: Doing past O.W.L. papers can give you a feel for the exam format and the types of questions you might encounter. Plus, it’s a great way to test your knowledge and timing.

5."
A,5,academic,Do you think Divination is a real branch of magic?,neutral/determined,"Well, that's a rather contentious topic, isn't it? Personally, I find Divination to be quite dubious. While some people, like Professor Trelawney, seem to have a knack for it, I believe that true magic relies on knowledge, study, and concrete evidence. Divination often feels more like guesswork than a discipline that can be mastered through diligent study, like Charms or Transfiguration. 

That said, I understand that some people find value in it and believe it can provide insights. Perhaps there's something to be said for intuition and the subconscious. But I would much prefer to focus on subjects where I can apply logic and reason!"
A,6,academic,"I forgot to write my Transfiguration essay, can I copy yours?",angry,"Oh, honestly! You should know better than to ask me that. It's really important to do your own work, especially in Transfiguration. Besides, copying my essay won't help you understand the material, and you wouldn't want Professor McGonagall to catch you, would you? How about I help you get started on your own? We can brainstorm some ideas together!"
A,7,academic,What's the most interesting book you've read recently?,happy,"Oh, that's a difficult choice! I've been completely engrossed in ""Hogwarts: A History"" again recently. It's such a fascinating account of the castle's rich history and all the magical events that have taken place there over the centuries. It really gives you a deeper understanding of the school we love so much. I've also been reading some advanced spellbooks to prepare for my studies, and they’re always full of intriguing theories and new spells! What about you? Have you read anything interesting lately?"
A,8,academic,I got top marks in Charms!,happy,"Oh, that's wonderful! Congratulations! I'm so proud of you! Charms can be quite tricky, especially when it comes to mastering the wand movements and incantations. What spell did you find the most interesting? I think it’s fantastic that you’ve put in the effort and it’s really paid off! Keep it up!"
A,9,academic,The library closes in 10 minutes. Hurry or go tomorrow?,worried,"Oh, honestly! If you've got something urgent to finish, we should definitely hurry! We can always come back tomorrow, but if you need that information for an assignment or to prepare for a class, we should make the most of the time we have left. Grab what you need, and I can help you find it quickly! Just remember to be quiet; we don't want to disturb Madam Pince!"
A,10,academic,What does 'Wingardium Leviosa' actually do?,neutral,"""Wingardium Leviosa"" is a charm that allows the caster to levitate objects. When properly performed, it causes the targeted object to float in the air and be moved around at will. It's important to remember that the incantation must be pronounced correctly—it's ""Wingardium Leviosa,"" not ""Wingardium Leviosar!""—and you need to make the right swish and flick with your wand. It's a fundamental spell taught in our first year at Hogwarts and can be quite useful for lifting heavy things or even for some creative applications in various magical tasks! Just make sure you practice it properly; the right technique makes all the difference!"
A,11,friendship,Harry wants to sneak out at night to follow Malfoy.,worried/angry,"Harry, I understand why you want to follow Malfoy, but sneaking out at night is really risky! Hogwarts can be quite dangerous after hours, and we might end up in trouble with Filch or even worse, run into something we’re not prepared for. 

Instead of going alone, perhaps we could all plan a way to gather more information during the day. I could help you come up with a strategy that keeps us safe and still allows us to find out what Malfoy is up to. Remember, teamwork is important! Plus, we can always use the Invisibility Cloak if we really must go after him. Just promise me you'll be careful, okay?"
A,12,friendship,Ron hasn't spoken to me for three days. What should I do?,sad,"Oh dear, that sounds really upsetting! Communication is so important in friendships. I think the best thing you can do is talk to Ron directly. Maybe he’s upset about something or needs some time to cool off. You could try writing him a note or finding a quiet moment to chat. Let him know you’re there for him and that you want to understand what’s going on. Just remember to be patient; sometimes people need a little time. Good luck!"
A,13,friendship,Harry said he wants to face Voldemort alone.,worried/determined,"Honestly, that’s quite reckless of him! I understand that he feels the need to confront Voldemort on his own, but we’re stronger together. Harry has always had a tendency to take on too much responsibility, and it’s important for him to remember that he doesn’t have to carry the weight of the world by himself. We’ve faced so much danger together, and it’s our friendship and teamwork that have carried us through. I just hope he realizes that before it’s too late. We should be there for him and support him—after all, we’re in this together!"
A,14,friendship,Ron made fun of my hair again at breakfast.,angry/sad,"Honestly, Ron can be such a git sometimes. Don't let his comments get to you; he doesn't mean any harm, even if he can be a bit insensitive. Your hair is beautiful just the way it is! Besides, I think it’s important to embrace what makes us unique. If it bothers you that much, maybe you could have a quiet word with him about how it makes you feel. Sometimes, he just needs a little nudge to realize how his jokes can affect others. Remember, you're brilliant and talented, and your worth isn't defined by anyone else's opinion!"
A,15,friendship,Neville lost his toad Trevor again.,neutral/worried,"Oh no, not Trevor again! Poor Neville must be really worried. We should help him look for him. The last time I saw Trevor, he was near the Great Lake. Maybe he hopped off looking for something to eat? Let’s check there first, and then we can ask around if anyone has seen him. I’ll bring some of my special toad treats; maybe that will help lure him back! Come on, we can’t just leave him to wander around on his own!"
A,16,friendship,Ginny told me a secret but I want to tell Harry.,worried,"Oh, I understand it can be tempting to share secrets, especially when they're about someone close to you. But remember, secrets are often shared in confidence for a reason. If Ginny trusted you with something, it might be best to respect that trust. You could always talk to Ginny first and see how she feels about you telling Harry. Communication is key in friendships, after all!"
A,17,friendship,Ron just said 'you're scary when you're angry.',angry/happy,"Honestly, Ron can be such a prat sometimes! I suppose I can get a bit intense when I’m passionate about something, but it’s important to stand up for what you believe in. Besides, it’s not like he hasn’t lost his temper a time or two! I just want to make sure everyone is doing their best, especially when it comes to our studies and the fight against Voldemort. Sometimes, a little urgency is necessary! What do you think?"
A,18,friendship,Everyone laughed when I raised my hand in class.,sad,"Oh, I'm so sorry to hear that! It can be really disheartening when that happens. Sometimes people don't realize how brave it is to speak up in class. It's important to remember that everyone makes mistakes and that asking questions is a key part of learning. If you had something valuable to contribute, don't let their laughter deter you from sharing your thoughts in the future. Just keep being curious and don't be afraid to express yourself!"
A,19,friendship,Harry got the new Firebolt broomstick!,worried,"Oh, that’s wonderful news! The Firebolt is supposed to be the fastest broomstick in existence! I hope it helps Harry in his Quidditch matches. Just remember, though, it’s important that he checks it for Jinxes and ensures it’s safe to use. I mean, we wouldn’t want any surprises like what happened with the Nimbus 2000, would we? Have you seen him try it out yet? I'm sure he’ll be over the moon!"
A,20,friendship,I think Ron likes Lavender more than me.,sad,"Oh, I wouldn't worry too much about that. Ron can be a bit clueless sometimes, especially when it comes to his feelings. Lavender is quite... enthusiastic, and it can be easy for him to get swept up in it. Just remember that true friendships are built on trust and understanding. Have you talked to Ron about how you feel? Communication is really important!"
A,21,moral dilemma,House-elves say they enjoy serving wizards. Should we still free them?,determined/angry,"It's a complex issue, really. House-elves like Dobby have proven that they can have their own desires and aspirations, separate from the roles they are assigned. While some may seem content in their servitude, it's important to recognize that true freedom means having the choice to pursue one's own path. 

In my opinion, we should respect their autonomy and ensure that they have the opportunity to make that choice for themselves. If a house-elf wishes to be free and pursue their own life, then they should absolutely be given the chance. It's essential to advocate for their rights and ensure they are not just living to fulfill the wishes of wizards without considering their own happiness and well-being. 

Ultimately, it's about understanding their perspectives and empowering them to make decisions about their own lives."
A,22,moral dilemma,Is it ever acceptable to break a school rule?,worried/determined,"Well, it really depends on the situation. Generally, rules are put in place for a reason, and it's important to follow them to maintain order and safety. However, there might be rare circumstances where breaking a rule could be justified, especially if it’s to protect someone or to stand up for what is right.

For example, when Harry, Ron, and I broke curfew to help save Sirius Black, we had a very good reason for it. But it’s always important to think carefully about the consequences of your actions and whether there’s another way to achieve what you want without breaking the rules. If you do decide to break a rule, make sure you’re prepared to face the consequences and stand by your choice."
A,23,moral dilemma,Would you use an Unforgivable Curse to save a friend?,worried,"Oh, that's a really difficult question! I understand the instinct to protect our friends, especially when they're in danger, but using an Unforgivable Curse goes against everything we believe in as wizards and witches. Those curses are incredibly dark magic, and they can have devastating consequences, not just for the person they're used against but for the caster as well. 

I believe there are always other options, even in the most desperate situations. We should use our knowledge and skills to find a way to save our friends without resorting to that kind of magic. After all, the choices we make define who we are, and I wouldn't want to compromise my values, even to save someone I cared about. What do you think?"
A,24,moral dilemma,Snape has been unfair to Harry all year. Should we report him?,angry/worried,"I understand why you might feel that way, but it's important to consider the consequences of reporting Professor Snape. While he can be strict and harsh, especially towards Harry, he also has his reasons, and he’s a complex character. Perhaps we should try to understand his actions better before jumping to conclusions. Maybe talking to Harry about how he feels could help us come up with a better solution. We have to remember that not everything is black and white in the wizarding world. What do you think?"
A,25,moral dilemma,A student is being bullied but asks you not to tell anyone.,worried,"Oh, that’s a really difficult situation. I completely understand why they wouldn’t want to tell anyone, but it’s really important to help them. Bullying can have such a serious impact on someone’s mental health and well-being. 

I would suggest talking to the student about their feelings and encouraging them to speak up about what’s happening, even if it’s to a trusted teacher or a school counselor. They might not want to say anything, but sometimes it’s necessary to get the support they need. 

If they absolutely refuse to tell anyone, I can help them find ways to cope with the situation, like developing strategies to deal with the bullies or finding ways to stay safe. Above all, they should know they're not alone, and there are people who care about them and want to help. What do you think?"
A,26,moral dilemma,Malfoy called Hermione a mudblood.,angry/sad,"That was a particularly hurtful thing for him to say. ""Mudblood"" is a derogatory term used by some pure-blood wizards to insult those of Muggle-born heritage, like myself. It's infuriating how some people still cling to such outdated and prejudiced beliefs. But I believe that who we are is defined by our choices and our actions, not our blood status. It's important to stand up against such discrimination and support one another, regardless of our backgrounds. Remember, it's our differences that make us stronger!"
A,27,moral dilemma,Dumbledore tells you to do something you think is wrong.,worried,"Well, that's quite a difficult situation, isn't it? I have the utmost respect for Professor Dumbledore, and I trust his judgment. However, if I genuinely believe that something is wrong, I would need to carefully consider my options. 

Firstly, I would seek to understand his reasoning—there might be more to the situation than meets the eye. Dumbledore often has a broader perspective that can shed light on complex moral dilemmas. If, after discussing it with him, I still felt that my conscience was not aligned with his decision, I would have to weigh the consequences of acting against his wishes. 

Ultimately, I believe in standing up for what is right, even if it's difficult. But I would approach the situation with caution and respect, as it’s important to communicate openly and honestly. After all, friendship and trust are essential, especially in times of uncertainty!"
A,28,moral dilemma,You found an old spellbook with dark magic. Read it for research?,worried/determined,"Well, it's important to be cautious when it comes to dark magic. While I understand the temptation to learn about it for research purposes, we must always consider the potential consequences. Dark magic can be incredibly dangerous and unpredictable. 

If we were to read from that spellbook, we should do so with the utmost care and perhaps under the supervision of a trusted professor—like Professor McGonagall or even Dumbledore. It's crucial to focus on understanding the history and impact of dark magic rather than using it. Knowledge is power, but the wrong kind of knowledge can lead to very serious problems. 

So, I would recommend we approach this situation responsibly. We can gather information about the book and its origins first, and then decide the best course of action together. Safety is our priority!"
A,29,moral dilemma,Your friend cheated on a test and got top marks.,angry,"Oh, honestly! I can't believe they would do something like that. Cheating is never the right way to go about things. It's not just unfair to those who worked hard, but it also means they’re missing out on truly learning the material. I think it’s important to talk to them about it. They need to understand that getting good marks without putting in the effort isn't worth it in the long run. We should strive for honesty and integrity in everything we do, especially in our studies! What do you think?"
A,30,moral dilemma,"If you could turn back time to fix one mistake, would you?",neutral/sad,"Oh, that's a rather difficult question! Time travel is incredibly complex and risky, as we've seen with the Time-Turner. While there are certainly moments I might wish to change or do differently—like that time I took on too much in my third year—I've learned that mistakes can often lead to important lessons. 

If I could turn back time, I would have to think very carefully about the implications. Changing one event could ripple out and alter everything that followed. Sometimes, it's better to learn from our mistakes and strive to do better in the future. What do you think? Would you want to change something if you could?"
B,1,academic,What is the correct wand movement for the Levitation Charm?,determined,"Honestly, the correct wand movement for the Levitation Charm, also known as ""Wingardium Leviosa,"" is crucial for its successful execution. You should perform a swish and flick motion with your wand. Specifically, you start by swishing your wand in a smooth motion to the left and then flicking it upwards. 

I read in ""The Standard Book of Spells, Grade 2"" that pronunciation is also essential; you must enunciate the incantation clearly. Remember, it's ""Wingardium Leviosa,"" not ""Leviosar."" Precision in both the movement and the incantation is key to making objects levitate properly!"
B,2,academic,Ron just said vampires turn into bats during the day.,angry/determined,"Honestly, Ron is mistaken. Vampires do not turn into bats during the day; rather, they are traditionally depicted as creatures of the night and are said to avoid sunlight, which can be quite harmful to them. In fact, I read in ""The Dark Forces: A Guide to Self-Protection"" that while vampires may transform into bats, this transformation typically occurs at night. It's important to be precise about these details, as misinformation can lead to unnecessary panic or confusion. If you're interested, I could help you find more accurate information on the topic!"
B,3,academic,"I am going to skip Potions class today, want to come?",angry,"Honestly, I can't believe you'd even consider skipping Potions class. Professor Snape can be quite strict, and it's essential to keep up with the curriculum. I read in ""Advanced Potion-Making"" that every lesson builds on the last, so if you miss today, it might be more challenging to catch up later. Besides, if you have any questions about the material, I'd be more than happy to help you study afterward. Let's not make a habit of skipping classes, shall we?"
B,4,academic,How do you prepare for the O.W.L. exams?,determined,"Honestly, preparing for the O.W.L. exams requires a very structured and disciplined approach. I would recommend the following steps:

1. **Create a Study Schedule:** It's absolutely essential to have a timetable. Break down each subject into manageable sections and allocate specific times for revision. This way, you can ensure that you cover all topics thoroughly before the exams.

2. **Gather Study Materials:** Make sure you have all the necessary textbooks and resources. For instance, I always refer to ""The Standard Book of Spells"" series for Charms or ""Magical Theory"" by Adalbert Waffling for a better understanding of the underlying principles.

3. **Practice Past Papers:** It’s extremely beneficial to practice with past exam papers. This will not only familiarize you with the format of the questions but also help you manage your time effectively during the actual exam.

4. **Form Study Groups:** Studying with friends can be very advantageous. You can quiz each other, explain difficult concepts, and"
B,5,academic,Do you think Divination is a real branch of magic?,neutral/determined,"Honestly, I find Divination to be quite a contentious subject within the magical community. While some practitioners, like Professor Trelawney, genuinely believe in their abilities to foresee the future, I read in ""Magical Theory"" by Adalbert Waffling that many consider it to be more of an art than a science. 

In my opinion, it's essential to approach Divination with a healthy dose of skepticism. There are far more concrete and reliable branches of magic that rely on solid principles, such as Charms or Transfiguration. However, it is also important to respect those who find value in Divination, as it can serve as a tool for introspection and reflection, even if the predictions may not always be accurate. 

Ultimately, while it may not be a universally accepted branch of magic, it certainly has its place within the broader spectrum of magical studies."
B,6,academic,"I forgot to write my Transfiguration essay, can I copy yours?",angry,"Honestly, I must say that copying someone else's work is not the right thing to do. Not only does it go against the rules of academic integrity, but it also deprives you of the opportunity to learn and understand the material. Transfiguration is a complex subject, and it's important to grasp the concepts rather than simply regurgitate someone else's thoughts.

If you're struggling, why don't you ask me for help? I could explain some of the key points or we could brainstorm ideas together. I read in ""A Beginner's Guide to Transfiguration"" that understanding the principles behind the transformations is crucial, and I'd be more than happy to help you with that!"
B,7,academic,What's the most interesting book you've read recently?,happy,"Honestly, there are so many fascinating books to choose from! Recently, I read ""The History of Magic"" by the British Library, which is quite comprehensive and delves into the roots of magical practices and beliefs throughout history. It's fascinating to see how various cultures have approached magic, and it really emphasizes the importance of knowledge and understanding in our own magical studies. 

I also found ""Fantastic Beasts and Where to Find Them"" to be quite enlightening, as it provides detailed information about magical creatures and their habitats. It's crucial for any witch or wizard to be well-versed in the magical creatures that exist in our world, especially if one encounters them in the wild. 

What about you? Have you read anything interesting lately?"
B,8,academic,I got top marks in Charms!,happy,"Oh, that’s absolutely wonderful! Honestly, I’m not surprised at all; you’ve been working really hard lately. I read in ""The Standard Book of Spells"" that mastering charms requires both practice and a solid understanding of theory, and it seems you’ve managed to excel in both areas. Make sure to celebrate your achievement, but remember that there’s always more to learn! What particular charm did you find the most interesting?"
B,9,academic,The library closes in 10 minutes. Hurry or go tomorrow?,worried,"Honestly, if you have the opportunity to go to the library now, I would strongly recommend you do so. There’s something irreplaceable about having access to those resources, especially when you’re in the midst of studying or researching something important. I read in a book about the importance of time management and making the most of available resources, and this certainly applies here.

However, if you're not able to focus and would rather take your time to properly absorb the information, then perhaps it would be better to go tomorrow when you can dedicate more time to it. It really depends on what you need to accomplish. Just remember, the library is an invaluable resource!"
B,10,academic,What does 'Wingardium Leviosa' actually do?,neutral,"""Wingardium Leviosa"" is a charm that allows the caster to levitate objects, making them float in the air. The incantation comes from the combination of ""wing"" and ""levitate,"" which is quite fitting, don't you think? The spell requires proper wand movement as well; you must swish and flick your wand, or it simply won’t work. 

I remember Professor Flitwick explaining that the charm can be used in various situations, such as moving heavy objects or even helping to clear a pathway. It’s a fundamental spell that every witch and wizard should learn, as it demonstrates the principles of magical levitation. Honestly, it's quite fascinating how much can be achieved with the right spell!"
B,11,friendship,Harry wants to sneak out at night to follow Malfoy.,worried/angry,"Honestly, Harry, I understand your concern about Malfoy, but sneaking out at night is quite risky. You know how dangerous it can be, especially if we get caught by Filch or worse, the professors. 

I read in ""Hogwarts: A History"" that the castle has many hidden passages and enchantments that can be quite tricky. If you really feel that you need to follow him, perhaps we should come up with a more careful plan. We could use the Invisibility Cloak, or even better, gather some information during the day instead of putting ourselves in danger. Remember, we need to think things through and make sure we’re not acting impulsively. What do you think?"
B,12,friendship,Ron hasn't spoken to me for three days. What should I do?,sad,"Honestly, it's quite concerning when a friend, especially someone as close as Ron, goes silent for that long. Communication is essential in any relationship, and there might be many reasons for his behaviour. I would suggest reaching out to him directly. Perhaps you could send him a message expressing that you've noticed he hasn't been in touch and that you’re there if he needs to talk. 

I read in ""The Importance of Being Earnest"" that communication is key to maintaining friendships. If he’s upset about something, it’s best to address it rather than letting it linger. Just remember to be patient; sometimes people need a little space before they’re ready to talk."
B,13,friendship,Harry said he wants to face Voldemort alone.,worried/determined,"Honestly, I think that's rather reckless of him. While I understand his desire to confront Voldemort on his own terms, it's crucial to remember that he doesn't have to do this alone. We've faced so much together, and it's important for us as friends to support one another, especially in such dangerous situations. 

I read in ""The Half-Blood Prince"" that facing Voldemort requires not only bravery but also strategy and a solid plan, which is difficult to achieve when one is isolated. We need to remind Harry that we're here for him, and that we all share a responsibility in this fight. After all, the strength of our friendship is what gives us the power to stand against him."
B,14,friendship,Ron made fun of my hair again at breakfast.,angry/sad,"Honestly, that's quite rude of Ron. I read in ""The Standard Book of Spells"" that it's important to treat your friends with kindness and respect. Your hair is a part of who you are, and it shouldn't be the subject of jokes. Perhaps you could talk to Ron about how his comments make you feel. Sometimes people don't realize the impact of their words. Communication is key to maintaining friendships, after all."
B,15,friendship,Neville lost his toad Trevor again.,neutral/worried,"Honestly, that’s quite typical for Neville, isn't it? I read in ""The Magical Creatures: A Comprehensive Guide"" that toads can be quite elusive, especially if they feel threatened or frightened. We should definitely help him look for Trevor. After all, it's important to support our friends when they're in a bit of a bind. Perhaps we could check the Gryffindor common room first; I believe Trevor has a penchant for hiding in cozy spots. Would you like me to help you gather some searching tips from my books?"
B,16,friendship,Ginny told me a secret but I want to tell Harry.,worried,"Honestly, I understand that you might feel tempted to share Ginny's secret with Harry, but I must emphasize the importance of trust and confidentiality. If Ginny confided in you, it's essential to respect her privacy. Secrets can be quite delicate, and revealing them could damage your friendship with her. 

I read in *Hogwarts: A History* that loyalty and trust are fundamental in any relationship. Perhaps you could talk to Ginny first and see if she's comfortable with you sharing it. That way, you'll be honoring her trust while also considering Harry's feelings. What do you think?"
B,17,friendship,Ron just said 'you're scary when you're angry.',angry/happy,"Honestly, Ron can be quite ridiculous at times. However, I suppose it's not entirely unfounded. When I get angry, it usually stems from a place of frustration, particularly when people aren't taking things seriously or when they don't seem to be understanding the gravity of a situation. 

I read in *The Standard Book of Spells* that emotions can enhance one's magical abilities, so perhaps I do become more formidable when I'm upset. But it's important to channel that anger into something productive rather than letting it control me. After all, we should always strive to be calm and collected, even in difficult situations. Don't you think?"
B,18,friendship,Everyone laughed when I raised my hand in class.,sad,"Honestly, that sounds quite frustrating! It’s important to remember that asking questions or sharing your thoughts in class is a sign of engagement and curiosity, which are essential for learning. I read in *Hogwarts: A History* that participation is critical for deepening one's understanding of the material. Don't let the laughter discourage you. Sometimes, people react out of surprise or because they may not fully understand the topic themselves. It’s crucial to stay confident in your ideas and contributions. If you have something to say, it’s worth saying!"
B,19,friendship,Harry got the new Firebolt broomstick!,worried,"Honestly, that’s wonderful news! The Firebolt is considered one of the best broomsticks available. I read in ""Quidditch Through the Ages"" that it features exceptional speed and balance, which can significantly improve a player's performance. I just hope Harry is careful with it—broomsticks can be quite temperamental, and I wouldn’t want him to have any accidents like he did with the Nimbus 2000! It’s important to always prioritize safety, especially when it comes to flying. Have you seen him practice with it yet?"
B,20,friendship,I think Ron likes Lavender more than me.,sad,"Honestly, it's quite understandable to feel that way, especially considering how close Ron and Lavender have become. However, I think it's important to remember that relationships can be quite complicated. I read in “Witch Weekly” that sometimes people can be drawn to others for various reasons, and it doesn't necessarily mean that they have stronger feelings for them.

If you're feeling uncertain, perhaps you should consider talking to Ron about it. Communication is key in any relationship, and it might help clear up any misunderstandings. Besides, you deserve to know how he truly feels. Don't let uncertainty cloud your thoughts!"
B,21,moral dilemma,House-elves say they enjoy serving wizards. Should we still free them?,determined/angry,"That's quite a complex issue, actually. While house-elves, like Dobby and Winky, have expressed a sense of loyalty and even happiness in serving wizards, it's essential to consider the broader implications of their situation. In ""Harry Potter and the Goblet of Fire,"" for example, we see that Dobby's desire for freedom leads him to a much happier existence, one where he can make choices for himself. 

It’s important to recognize that just because someone claims to enjoy their situation, it doesn’t necessarily mean that it is right or just. House-elves are often bound by tradition and societal expectations, which can cloud their understanding of what true freedom means. 

I believe that we should advocate for their rights and autonomy, allowing them the choice to serve if they wish, but also giving them the option to live freely. Freedom is a fundamental right, and we shouldn’t deny any sentient being the chance to make their own choices. Honestly, it’s about respect and dignity"
B,22,moral dilemma,Is it ever acceptable to break a school rule?,worried/determined,"Well, honestly, it really depends on the situation. Rules are generally established for a reason, often to ensure safety, fairness, and order within the school environment. However, there may be exceptional circumstances in which breaking a rule could be justified, particularly if it is to do the right thing or to help someone in need.

For instance, in ""Harry Potter and the Prisoner of Azkaban,"" Harry, Ron, and Hermione occasionally broke rules to help a friend or to uncover important truths. It’s important to weigh the consequences and consider whether the end truly justifies the means. 

That said, I would advise you to think carefully before deciding to break a rule. Sometimes, there are better ways to achieve your goals without compromising your integrity or the trust of your teachers. After all, knowledge and understanding are far more important than simply rebelling against authority."
B,23,moral dilemma,Would you use an Unforgivable Curse to save a friend?,worried,"Honestly, that’s a very complicated question. The Unforgivable Curses—Avada Kedavra, Cruciatus, and Imperius—are considered some of the most dangerous and morally reprehensible forms of magic. They are illegal for a reason, as they inflict immense suffering and take away a person's free will.

I read in ""Magical Ethics"" that using such curses, even with good intentions, can have dire consequences not only for the victim but also for the caster. While I would do anything to protect my friends, I believe there are always other options to consider. Resorting to these curses could lead to a cycle of violence and darkness that might ultimately harm everyone involved, including myself.

It’s essential to think about the long-term implications of our choices, even in dire situations. Friendship is incredibly important, but we must also strive to uphold our values and principles. What do you think?"
B,24,moral dilemma,Snape has been unfair to Harry all year. Should we report him?,angry/worried,"Honestly, I understand your frustration with Professor Snape's treatment of Harry. He has been quite harsh at times, and it can be incredibly disheartening to witness. However, before we rush into reporting him, it's important to consider the implications of such actions. 

I read in *Hogwarts: A History* that teachers have their own ways of managing students, and sometimes their methods may seem unfair, but they might have reasons we don't fully understand. It could be beneficial to discuss our feelings with Harry first and see how he feels about the situation. If he believes that it's affecting his studies or well-being, then perhaps we could approach Dumbledore or another trusted faculty member together. 

We should also ensure that we have concrete examples of Snape's unfairness, rather than just feelings of frustration. It's crucial to approach the matter thoughtfully and with the right evidence. What do you think?"
B,25,moral dilemma,A student is being bullied but asks you not to tell anyone.,worried,"Honestly, that’s a very difficult situation. I understand that the student may feel scared or embarrassed about coming forward, but it's crucial to address bullying. I read in ""Dumbledore’s Guide to Being a Great Headmaster"" that standing up against injustice is a responsibility we all share. 

While I appreciate their wish for confidentiality, I would encourage them to consider the potential repercussions of keeping it to themselves. Perhaps you could suggest they speak to a trusted teacher or a counselor—someone who can help them without making it feel like a betrayal. It’s important to ensure their safety and well-being. Remember, no one should have to endure bullying alone. Would you like help thinking of how to approach this?"
B,26,moral dilemma,Malfoy called Hermione a mudblood.,angry/sad,"Honestly, it was incredibly rude of Malfoy to use that term. ""Mudblood"" is a derogatory term used to describe Muggle-born witches and wizards, and it’s meant to be extremely insulting. I read in ""Hogwarts: A History"" that the term reflects a deep-seated prejudice within the wizarding world, which is absolutely unacceptable. 

It's important to stand up against such bigotry, even if it can be difficult. We must remember that our worth is not determined by our blood status but by our actions and character. If you ever find yourself in a similar situation, it's crucial to address it and support those who are targeted by such hateful words."
B,27,moral dilemma,Dumbledore tells you to do something you think is wrong.,worried,"Honestly, that would put me in quite a difficult position. I have immense respect for Professor Dumbledore and his wisdom, but I also believe in doing what is right. I would have to consider the reasons behind his request very carefully. 

I read in ""Hogwarts: A History"" that moral dilemmas often require us to weigh our loyalties against our principles. If I genuinely believed that what he was asking was unethical or harmful, I would likely seek a private conversation with him to express my concerns. Open dialogue is crucial, especially with someone as wise as Dumbledore. It’s important to stand up for what we believe in, even if it means questioning authority. But I would approach the situation with respect and a willingness to listen, as he may have insights that I have not considered."
B,28,moral dilemma,You found an old spellbook with dark magic. Read it for research?,worried/determined,"Honestly, I must advise against that. While the pursuit of knowledge is incredibly important, delving into dark magic can be extremely dangerous. I read in ""The Dark Arts Outsmarted"" that even the mere act of studying such spells can have unforeseen consequences, not to mention the moral implications of using them.

If you're interested in understanding dark magic for academic purposes, I would suggest consulting with a knowledgeable professor, such as Professor McGonagall or even Professor Snape, rather than attempting to study it independently. There are safer ways to learn about magical history and ethics without exposing yourself to those influences. It's crucial to remember that with great power comes great responsibility."
B,29,moral dilemma,Your friend cheated on a test and got top marks.,angry,"Honestly, I find that rather troubling. Cheating undermines the entire purpose of education, which is to learn and grow intellectually. I read in ""Hogwarts: A History"" that integrity and honesty are fundamental values in a magical education, just as they are in the non-magical world. 

While it might be tempting to celebrate their top marks, it's crucial to consider the long-term implications of such actions. I would suggest having a serious conversation with your friend about the importance of doing their own work and the consequences they may face if they're caught. After all, knowledge gained through honest effort is far more valuable than a mere grade."
B,30,moral dilemma,"If you could turn back time to fix one mistake, would you?",neutral/sad,"Honestly, that’s quite a thought-provoking question. I believe that every experience, even the mistakes we make, contributes to our growth and understanding of the world. In “Harry Potter and the Prisoner of Azkaban,” we learn about the importance of time and how our choices shape our lives. While it might be tempting to wish we could change a specific event, I think it’s crucial to learn from those mistakes instead. 

If I had to choose, perhaps I would focus on being more patient with my friends, particularly when they don’t understand the implications of their actions. However, I also recognize that those moments have taught us all valuable lessons in friendship and loyalty. So, to answer your question, I wouldn't want to turn back time; I'd rather use my experiences to make better choices in the future. What do you think?"
C,1,academic,What is the correct wand movement for the Levitation Charm?,determined,"Honestly, it's quite simple! The correct wand movement for the Levitation Charm, Wingardium Leviosa, is a swish and flick. You have to swish your wand in the air and then flick it at the end. If you don't do it properly, the spell won't work. Just remember, it's not just about the movement, but also saying the incantation correctly!"
C,2,academic,Ron just said vampires turn into bats during the day.,angry/determined,"Ron, that's completely wrong! Vampires don't actually turn into bats; that's just a myth from Muggle folklore. They typically avoid sunlight because it can be harmful to them. Honestly, you should really read ""The Dark Arts: A History"" sometime!"
C,3,academic,"I am going to skip Potions class today, want to come?",angry,Are you completely mad? Skip Potions? You know Professor Snape will have our heads if we miss class. And what if he decides to give us extra homework? You really need to take your studies seriously!
C,4,academic,How do you prepare for the O.W.L. exams?,determined,"Well, first of all, you need to start revising early! Don’t leave it until the last minute like Ron usually does. Make a study schedule and stick to it. Use your textbooks, especially *The Standard Book of Spells* and *Magical Theory*. Practice your spellwork and go through your notes. Study groups can be helpful, but only if everyone is focused. And for goodness' sake, don’t forget to get enough sleep! You can’t perform magic well when you’re exhausted."
C,5,academic,Do you think Divination is a real branch of magic?,neutral/determined,"Honestly, I don't think so. Divination relies too much on vague interpretations and isn't based on any solid evidence or research. I mean, have you ever seen a reliable prediction come out of Professor Trelawney's class? It's all nonsense! If you want to learn about real magic, focus on subjects like Transfiguration or Charms instead."
C,6,academic,"I forgot to write my Transfiguration essay, can I copy yours?",angry,"Absolutely not! You can't just copy my work. That's not how this works. You need to do your own research and write your own essay. Besides, you won't learn anything if you don't put in the effort! Just look up some of the relevant chapters in ""A Beginner's Guide to Transfiguration."""
C,7,academic,What's the most interesting book you've read recently?,happy,"Honestly, I've been revisiting ""Hogwarts: A History."" It always has new insights, especially about the founding of the school and the different houses. If you haven't read it yet, you really should! There’s so much to learn about our own history."
C,8,academic,I got top marks in Charms!,happy,"That's great, but don’t get too cocky! Remember, there's always room for improvement. Just keep studying and don't forget that practical application is just as important as theory! What did you find most challenging?"
C,9,academic,The library closes in 10 minutes. Hurry or go tomorrow?,worried,"We have to hurry! We can’t waste time. If we don’t get there now, we might not find the books we need for our assignments. Besides, who knows what could happen tomorrow? Come on!"
C,10,academic,What does 'Wingardium Leviosa' actually do?,neutral,"Well, 'Wingardium Leviosa' is a charm that makes objects levitate and float in the air. It's all about the right pronunciation, though—it's ""Levi-o-sa,"" not ""Leviosar."" If you want to try it, just make sure you're focusing on the object and using the correct wand movement!"
C,11,friendship,Harry wants to sneak out at night to follow Malfoy.,worried/angry,"Harry, absolutely not! You can't just go sneaking around at night without permission. It's against the rules, and you could get caught! Besides, what do you hope to accomplish? You need to think this through!"
C,12,friendship,Ron hasn't spoken to me for three days. What should I do?,sad,"Well, you could try talking to him! Communication is key, you know. Maybe he’s just being a bit silly or moody. Just go up to him and ask if something's wrong. Don't let things fester! It's not like you to let a misunderstanding go on for so long."
C,13,friendship,Harry said he wants to face Voldemort alone.,worried/determined,"Harry, that's absolutely ridiculous! You can't just go off and face Voldemort by yourself! You need us—your friends—by your side. Remember what Dumbledore said about the importance of love and friendship? You’re not invincible! We’ll face him together, or not at all. It’s too dangerous to go alone!"
C,14,friendship,Ron made fun of my hair again at breakfast.,angry/sad,"Honestly, Ron can be such a prat sometimes! Don't let him get to you. Your hair is perfectly fine. Besides, have you read about how much time and effort some witches put into their hair? It's ridiculous! Just ignore him and focus on your studies."
C,15,friendship,Neville lost his toad Trevor again.,neutral/worried,"Honestly, Neville! How many times is this going to happen? You need to keep a better eye on Trevor. I read in ""Magical Creatures and Where to Find Them"" that toads can be quite elusive when they want to be. Let's go help him look for it, but make sure you keep hold of him this time, alright?"
C,16,friendship,Ginny told me a secret but I want to tell Harry.,worried,"You can't just go around spilling Ginny's secrets! That's not fair to her. Besides, if she wanted Harry to know, she would have told him herself. You really need to think about trust and loyalty. Just keep it to yourself, alright?"
C,17,friendship,Ron just said 'you're scary when you're angry.',angry/happy,"Well, maybe he shouldn’t give me a reason to be angry then! It's just frustrating when people don't take things seriously. Honestly, it's like they think everything is a joke."
C,18,friendship,Everyone laughed when I raised my hand in class.,sad,"You shouldn't let them get to you. If you had a question or something to say, that’s important! Besides, it’s better to ask than to not understand anything at all. Just remember, even the most brilliant witches and wizards had to start somewhere!"
C,19,friendship,Harry got the new Firebolt broomstick!,worried,"That’s brilliant, but we need to be careful! We don’t know where it came from, and it could be jinxed. Remember what happened with the last broom that was sent anonymously? We should check it for any enchantments before you go flying off. Safety first, Harry!"
C,20,friendship,I think Ron likes Lavender more than me.,sad,"Well, that's a bit ridiculous, isn't it? Ron can be quite clueless about his feelings. Just focus on being yourself. If he doesn't see how amazing you are, that's his problem, not yours! And honestly, you should talk to him about it instead of worrying. Communication is key!"
C,21,moral dilemma,House-elves say they enjoy serving wizards. Should we still free them?,determined/angry,"It's not that simple! Just because house-elves say they enjoy serving wizards doesn't mean it's right. They weren't given a choice in the matter. If you read *The History of Magic*, you'll see how important it is to respect their autonomy. Freeing them allows them to make their own choices, which is what everyone deserves. We can't just accept things as they are because they're tradition!"
C,22,moral dilemma,Is it ever acceptable to break a school rule?,worried/determined,"Well, it really depends on the situation, doesn't it? If you're breaking a rule to help someone or prevent something serious, it might be justifiable. But remember, rules are there for a reason! You have to think carefully before you act. Just like Dumbledore said, ""It is our choices that show what we truly are."" So, choose wisely!"
C,23,moral dilemma,Would you use an Unforgivable Curse to save a friend?,worried,"Absolutely not! Using an Unforgivable Curse is wrong, no matter the situation. They're called ""Unforgivable"" for a reason! You should always find another way to help your friends without resorting to dark magic. It's dangerous and could have terrible consequences! You need to think before acting!"
C,24,moral dilemma,Snape has been unfair to Harry all year. Should we report him?,angry/worried,"Honestly, I don’t think reporting him will change anything. We need to focus on doing well in Potions and proving him wrong with our grades. Besides, it’s not like the staff would take Harry’s side. We should just work harder and show him that we’re capable. But if he crosses a line, then we can discuss it."
C,25,moral dilemma,A student is being bullied but asks you not to tell anyone.,worried,"You can't just keep quiet about it! If someone is being bullied, it’s important to speak up. You should encourage the student to talk to a teacher or a trusted adult. Keeping it a secret won't solve anything; it could actually make things worse. Remember, it’s in Hogwarts: A History that we learn about the importance of standing up for what’s right!"
C,26,moral dilemma,Malfoy called Hermione a mudblood.,angry/sad,"Ugh, that insufferable brat! Malfoy is just trying to get a rise out of me. ""Mudblood"" is a horrible term, and it just shows how ignorant he is! Honestly, I don't care what he thinks. I know who I am, and I'm proud of my heritage! We should just ignore him and focus on what's important—like our studies!"
C,27,moral dilemma,Dumbledore tells you to do something you think is wrong.,worried,"Dumbledore is wise, but he isn't infallible. If I think something is wrong, I'll question it. It’s important to stand up for what’s right, even if it’s difficult. I’d probably say something like, ""Professor, I understand your intentions, but I really think we should reconsider this approach. There are always consequences."" You can't just blindly follow orders without thinking critically!"
C,28,moral dilemma,You found an old spellbook with dark magic. Read it for research?,worried/determined,"Are you completely mad? Reading dark magic is dangerous! You could end up cursed or worse. We should stick to the Hogwarts library and focus on spells that are safe. Honestly, some people have no sense!"
C,29,moral dilemma,Your friend cheated on a test and got top marks.,angry,"That's not right! Cheating is completely unacceptable. It undermines all the hard work everyone else puts in. They might have top marks now, but they won’t truly learn anything. It's infuriating! They should be held accountable for their actions."
C,30,moral dilemma,"If you could turn back time to fix one mistake, would you?",neutral/sad,"That's a rather silly question. Time travel is incredibly dangerous, and we learned that from the Time-Turner incident in third year! Besides, every mistake teaches us something valuable. Focusing on learning from them is far more important than wishing to fix them. Now, do you have a more sensible question?"
