text,source,book,chapter,word_count,id
"Goodness, didn't you know, I'd have found out everything I could if it was me",book,Book 1: Philosopher's Stone,chap-6,15,10000
"All right -- I only came in here because people outside are behaving very childishly, racing up and down the corridors",book,Book 1: Philosopher's Stone,chap-6,21,10001
"Percy -- he's a prefect, he'd put a stop to this.",book,Book 1: Philosopher's Stone,chap-9,11,10002
I almost told your brother,book,Book 1: Philosopher's Stone,chap-9,5,10003
"Harry panted, leaning against the cold wall and wiping his forehead. Neville was bent double, wheezing and spluttering. I -- told -you",book,Book 1: Philosopher's Stone,chap-9,22,10004
He's doing something -- jinxing the broom,book,Book 1: Philosopher's Stone,chap-11,7,10005
So why did he just try and kill Harry,book,Book 1: Philosopher's Stone,chap-11,9,10006
"We just want to know who Nicolas Flamel is, that's all",book,Book 1: Philosopher's Stone,chap-12,11,10007
"You will keep looking while I'm away, won't you",book,Book 1: Philosopher's Stone,chap-12,9,10008
"Very safe, as they're both dentists",book,Book 1: Philosopher's Stone,chap-12,6,10009
Just as long as we're not wiping you off the field,book,Book 1: Philosopher's Stone,chap-13,11,10010
Ron! Ron! Where are you? The game's over! Harry's won! We've won! Gryffindor is in the lead,book,Book 1: Philosopher's Stone,chap-13,17,10011
So you mean the Stone's only safe as long as Quirrell stands up to Snape,book,Book 1: Philosopher's Stone,chap-13,15,10012
Go to Professor McGonagall,book,Book 1: Philosopher's Stone,chap-13,4,10013
"Now, don't forget, it's Locomotor Mortis",book,Book 1: Philosopher's Stone,chap-13,6,10014
"Harry, where have you been",book,Book 1: Philosopher's Stone,chap-13,5,10015
What was he hiding behind his back,book,Book 1: Philosopher's Stone,chap-14,7,10016
So what on earths Hagrid up to,book,Book 1: Philosopher's Stone,chap-14,7,10017
"Oh, come on, Hagrid, you might not want to tell us, but you do know, you know everything that goes on round here",book,Book 1: Philosopher's Stone,chap-14,23,10018
But what are you going to do with it when it's hatched,book,Book 1: Philosopher's Stone,chap-14,12,10019
It'll all be over at midnight on Saturday,book,Book 1: Philosopher's Stone,chap-14,8,10020
"There's still Fluffy, though",book,Book 1: Philosopher's Stone,chap-15,4,10021
Are there many of them in here,book,Book 1: Philosopher's Stone,chap-15,7,10022
"You don't think they've been hurt, do you",book,Book 1: Philosopher's Stone,chap-15,8,10023
That was far easier than I thought it would be,book,Book 1: Philosopher's Stone,chap-16,10,10024
We want to see Professor Dumbledore,book,Book 1: Philosopher's Stone,chap-16,6,10025
Not if I can help it,book,Book 1: Philosopher's Stone,chap-16,6,10026
It's the full Body-Bind,book,Book 1: Philosopher's Stone,chap-16,4,10027
"Shut up, I'm trying to remember how to kill it",book,Book 1: Philosopher's Stone,chap-16,10,10028
These birds... they can't be here just for decoration,book,Book 1: Philosopher's Stone,chap-16,9,10029
That's just the exams. I woke up last night and was halfway through my Transfiguration notes before I remembered we'd done that one.,book,Book 1: Philosopher's Stone,chap-16,23,10030
But what can we --,book,Book 1: Philosopher's Stone,chap-16,5,10031
What's that at its feet,book,Book 1: Philosopher's Stone,chap-16,5,10032
What can you see,book,Book 1: Philosopher's Stone,chap-16,4,10033
Yes -- of course -- but there's no wood,book,Book 1: Philosopher's Stone,chap-16,9,10034
"Well, I got back all right",book,Book 1: Philosopher's Stone,chap-17,6,10035
Hope you have -- er -- a good holiday,book,Book 1: Philosopher's Stone,chap-17,9,10036
You're not telling me you did fly here,book,Book 2: Chamber of Secrets,chap-5,8,10037
"It's all right, he's still alive",book,Book 2: Chamber of Secrets,chap-6,6,10038
"Mandrake, or Mandragora, is a powerful restorative",book,Book 2: Chamber of Secrets,chap-6,7,10039
Defense Against the Dark Arts,book,Book 2: Chamber of Secrets,chap-6,5,10040
He just wants to give us some hands-on experience,book,Book 2: Chamber of Secrets,chap-6,9,10041
At least no one on the Gryffindor team had to buy their way in,book,Book 2: Chamber of Secrets,chap-7,14,10042
I don't think there's anything to do except wait for it to stop,book,Book 2: Chamber of Secrets,chap-7,13,10043
"An Engorgement Charm, I suppose",book,Book 2: Chamber of Secrets,chap-7,5,10044
She haunts one of the toilets in the girls' bathroom on the first floor,book,Book 2: Chamber of Secrets,chap-8,14,10045
I expect they've let it rot to give it a stronger flavor,book,Book 2: Chamber of Secrets,chap-8,12,10046
"How are you, Myrtle",book,Book 2: Chamber of Secrets,chap-8,4,10047
Just saying - saying - how nice you look tonight,book,Book 2: Chamber of Secrets,chap-8,10,10048
No - honestly - didn't I just say how nice Myrtle's looking,book,Book 2: Chamber of Secrets,chap-8,12,10049
"Oh, no, Peeves, don't tell her what I said, she'll be really upset",book,Book 2: Chamber of Secrets,chap-8,13,10050
The same reason everyone else wants it,book,Book 2: Chamber of Secrets,chap-9,7,10051
That's just it. I can't remember,book,Book 2: Chamber of Secrets,chap-9,6,10052
"Granger, Professor. I was wondering if you could tell us anything about the Chamber of Secrets",book,Book 2: Chamber of Secrets,chap-9,16,10053
Come and look at this,book,Book 2: Chamber of Secrets,chap-9,5,10054
Have you ever seen spiders act like that,book,Book 2: Chamber of Secrets,chap-9,8,10055
I never knew that,book,Book 2: Chamber of Secrets,chap-9,4,10056
"Oh, Ron, there won't be anyone in there",book,Book 2: Chamber of Secrets,chap-9,8,10057
"Myrtle, no one wants to upset you",book,Book 2: Chamber of Secrets,chap-9,7,10058
We wanted to ask you if you've seen anything funny lately,book,Book 2: Chamber of Secrets,chap-9,11,10059
"Malfoy, the Heir of Slytherin",book,Book 2: Chamber of Secrets,chap-9,5,10060
There might be a way,book,Book 2: Chamber of Secrets,chap-9,5,10061
It wears off after a while,book,Book 2: Chamber of Secrets,chap-9,6,10062
Wait till everyone's gone,book,Book 2: Chamber of Secrets,chap-10,4,10063
He is not a brainless git,book,Book 2: Chamber of Secrets,chap-10,6,10064
This is the most complicated potion I've ever seen,book,Book 2: Chamber of Secrets,chap-10,9,10065
Anyone can make a mistake,book,Book 2: Chamber of Secrets,chap-10,5,10066
I want to know how he fixed that Bludger,book,Book 2: Chamber of Secrets,chap-10,9,10067
Er - Professor Lockhart,book,Book 2: Chamber of Secrets,chap-10,4,10068
"What d'you mean, a bit of whoever we're changing into? I'm drinking nothing with Crabbe's toenails in it -",book,Book 2: Chamber of Secrets,chap-10,19,10069
Maybe it can make itself invisible,book,Book 2: Chamber of Secrets,chap-11,6,10070
I wonder who'll be teaching us,book,Book 2: Chamber of Secrets,chap-11,6,10071
You'll find that hard to prove,book,Book 2: Chamber of Secrets,chap-11,6,10072
"For heaven's sake, Harry",book,Book 2: Chamber of Secrets,chap-11,4,10073
The Chamber of Secrets has been opened before,book,Book 2: Chamber of Secrets,chap-11,8,10074
I think Id better do the actual stealing,book,Book 2: Chamber of Secrets,chap-11,8,10075
"Merry Christmas to you, too",book,Book 2: Chamber of Secrets,chap-12,5,10076
We still need a bit of the people you're changing into,book,Book 2: Chamber of Secrets,chap-12,11,10077
I've already got mine,book,Book 2: Chamber of Secrets,chap-12,4,10078
I'm sure I've done everything right,book,Book 2: Chamber of Secrets,chap-12,6,10079
Did you get them,book,Book 2: Chamber of Secrets,chap-12,4,10080
Good. And I sneaked these spare robes out of the laundry,book,Book 2: Chamber of Secrets,chap-12,11,10081
"Don't be silly, Ron, I've got to keep up",book,Book 2: Chamber of Secrets,chap-13,9,10082
Just a get well card,book,Book 2: Chamber of Secrets,chap-13,5,10083
"Oooh, it might have hidden powers",book,Book 2: Chamber of Secrets,chap-13,6,10084
And this diary is fifty years old,book,Book 2: Chamber of Secrets,chap-13,7,10085
"Oh, Ron, wake up",book,Book 2: Chamber of Secrets,chap-13,4,10086
You say that like it's a bad thing,book,Book 2: Chamber of Secrets,chap-13,8,10087
Riddle might have got the wrong person,book,Book 2: Chamber of Secrets,chap-15,7,10088
"But the monster had killed someone, Ron",book,Book 2: Chamber of Secrets,chap-15,7,10089
But that's very important,book,Book 2: Chamber of Secrets,chap-15,4,10090
"Your aunt and uncle will be proud, though, won't they",book,Book 2: Chamber of Secrets,chap-19,10,10091
"Did you really blow up your aunt, Harry",book,Book 3: Prisoner of Azkaban,chap-4,8,10092
"It's not funny, Ron",book,Book 3: Prisoner of Azkaban,chap-4,4,10093
But it'll be fascinating to study them from the wizarding point of view,book,Book 3: Prisoner of Azkaban,chap-4,13,10094
"No, I don't think so",book,Book 3: Prisoner of Azkaban,chap-4,5,10095
"He's gorgeous, isn't he",book,Book 3: Prisoner of Azkaban,chap-4,4,10096
"He didn't mean to, did you, Crookshanks",book,Book 3: Prisoner of Azkaban,chap-4,7,10097
"That reminds me, you forgot your rat tonic",book,Book 3: Prisoner of Azkaban,chap-4,8,10098
Professor R. J. Lupin,book,Book 3: Prisoner of Azkaban,chap-5,4,10099
"But they'll catch him, won't they",book,Book 3: Prisoner of Azkaban,chap-5,6,10100
Is that a Sneakoscope,book,Book 3: Prisoner of Azkaban,chap-5,4,10101
Were you doing anything untrustworthy at the time,book,Book 3: Prisoner of Azkaban,chap-5,8,10102
Do you know much about Hogsmeade,book,Book 3: Prisoner of Azkaban,chap-5,6,10103
We can't be there yet,book,Book 3: Prisoner of Azkaban,chap-5,5,10104
"Are you sure you're okay, Harry",book,Book 3: Prisoner of Azkaban,chap-5,6,10105
"And Professor Lupin stepped over you, and walked toward the dementor, and pulled out his wand",book,Book 3: Prisoner of Azkaban,chap-5,16,10106
"But everyone knows that,",book,Book 3: Prisoner of Azkaban,chap-6,4,10107
"There you are, then",book,Book 3: Prisoner of Azkaban,chap-6,4,10108
You didn't seem quite so confident when you were telling Harry it was a sheep,book,Book 3: Prisoner of Azkaban,chap-6,15,10109
You think he'll be all right,book,Book 3: Prisoner of Azkaban,chap-6,6,10110
"They wouldn't fire him, would they",book,Book 3: Prisoner of Azkaban,chap-6,6,10111
"You haven't been fired, Hagrid",book,Book 3: Prisoner of Azkaban,chap-6,5,10112
"It's all Malfoy's fault, Hagrid",book,Book 3: Prisoner of Azkaban,chap-6,5,10113
"I think you've had enough to drink, Hagrid",book,Book 3: Prisoner of Azkaban,chap-6,8,10114
Stuck his head in the water barrel,book,Book 3: Prisoner of Azkaban,chap-6,7,10115
You know how many subjects I'm taking,book,Book 3: Prisoner of Azkaban,chap-7,7,10116
He seems like a very good teacher,book,Book 3: Prisoner of Azkaban,chap-7,7,10117
"Clever Crookshanks, did you catch that all by yourself",book,Book 3: Prisoner of Azkaban,chap-8,9,10118
Crookshanks doesn't understand it's wrong,book,Book 3: Prisoner of Azkaban,chap-8,5,10119
"What's the matter, Lavender",book,Book 3: Prisoner of Azkaban,chap-8,4,10120
"But then, why would you dread him dying",book,Book 3: Prisoner of Azkaban,chap-8,8,10121
"Well, look at it logically",book,Book 3: Prisoner of Azkaban,chap-8,5,10122
We'll bring you. lots of sweets back from Honeydukes,book,Book 3: Prisoner of Azkaban,chap-8,9,10123
What did you do,book,Book 3: Prisoner of Azkaban,chap-8,4,10124
"It's very lucky he picked tonight, you know",book,Book 3: Prisoner of Azkaban,chap-9,8,10125
"Honestly, am I the only person who's ever bothered to read Hogwarts, A History",book,Book 3: Prisoner of Azkaban,chap-9,14,10126
"Please, sir, we've done boggarts, Red Caps, kappas, and grindylows",book,Book 3: Prisoner of Azkaban,chap-9,10,10127
"Well... when you fell off, it got blown away",book,Book 3: Prisoner of Azkaban,chap-9,9,10128
Do you think Black's still in the castle,book,Book 3: Prisoner of Azkaban,chap-9,8,10129
Dumbledore was really angry,book,Book 3: Prisoner of Azkaban,chap-9,4,10130
We can do all our Christmas shopping there,book,Book 3: Prisoner of Azkaban,chap-10,8,10131
But Harry isn't going to keep it,book,Book 3: Prisoner of Azkaban,chap-10,7,10132
But what about Sirius Black,book,Book 3: Prisoner of Azkaban,chap-10,5,10133
"You won't, will you, Harry",book,Book 3: Prisoner of Azkaban,chap-11,5,10134
There's nothing you can do,book,Book 3: Prisoner of Azkaban,chap-11,5,10135
"He's not out, is he",book,Book 3: Prisoner of Azkaban,chap-11,5,10136
"Hagrid, what is it",book,Book 3: Prisoner of Azkaban,chap-11,4,10137
"You'll have to put up a good strong defense, Hagrid",book,Book 3: Prisoner of Azkaban,chap-11,10,10138
I'm sure I've read about a case of hippogriff-baiting,book,Book 3: Prisoner of Azkaban,chap-11,9,10139
But you were innocent,book,Book 3: Prisoner of Azkaban,chap-11,4,10140
"Well... who'd send Harry something as expensive as that, and not even tell him they'd sent it",book,Book 3: Prisoner of Azkaban,chap-11,17,10141
I don't think anyone should ride that broom just yet,book,Book 3: Prisoner of Azkaban,chap-11,10,10142
"You really don' look well, you know",book,Book 3: Prisoner of Azkaban,chap-11,7,10143
"Well, isn't it obvious",book,Book 3: Prisoner of Azkaban,chap-12,4,10144
Well -- there might have been,book,Book 3: Prisoner of Azkaban,chap-12,6,10145
"Oh, well -- you know -- working hard",book,Book 3: Prisoner of Azkaban,chap-12,8,10146
I couldn't do that,book,Book 3: Prisoner of Azkaban,chap-12,4,10147
"Oh no, it's wonderful",book,Book 3: Prisoner of Azkaban,chap-12,4,10148
Of course I did,book,Book 3: Prisoner of Azkaban,chap-13,4,10149
"I can't, Harry. I've still got four hundred and twenty-two pages to read",book,Book 3: Prisoner of Azkaban,chap-13,13,10150
"Harry, if you go into Hogsmeade again... I'll tell Professor McGonagall about that map",book,Book 3: Prisoner of Azkaban,chap-14,14,10151
Malfoy's dad's frightened the Committee into it,book,Book 3: Prisoner of Azkaban,chap-15,7,10152
"Oh, for goodness' sake",book,Book 3: Prisoner of Azkaban,chap-15,4,10153
"Harry, you'd better beat him in the Quidditch final",book,Book 3: Prisoner of Azkaban,chap-15,9,10154
I don't believe it,book,Book 3: Prisoner of Azkaban,chap-15,4,10155
"The fates have informed me that your examination in June will concern the Orb, and I am anxious to give you sufficient practice",book,Book 3: Prisoner of Azkaban,chap-15,23,10156
This is such a waste of time,book,Book 3: Prisoner of Azkaban,chap-15,7,10157
You're going to be fine,book,Book 3: Prisoner of Azkaban,chap-15,5,10158
"Ron, your dad works for the Ministry, you can't go saying things like that to his boss",book,Book 3: Prisoner of Azkaban,chap-16,17,10159
"I'll do it, Hagrid",book,Book 3: Prisoner of Azkaban,chap-16,4,10160
P -- P -- Professor McGonagall,book,Book 3: Prisoner of Azkaban,chap-16,6,10161
"Oh, Ron, please let's move, they're going to do it",book,Book 3: Prisoner of Azkaban,chap-16,10,10162
Ron -- come on back under the cloak --,book,Book 3: Prisoner of Azkaban,chap-17,9,10163
Harry -- we've got to go for help --,book,Book 3: Prisoner of Azkaban,chap-17,9,10164
Where does this tunnel come out,book,Book 3: Prisoner of Azkaban,chap-17,6,10165
I didn't tell anyone,book,Book 3: Prisoner of Azkaban,chap-17,4,10166
But how did that help you,book,Book 3: Prisoner of Azkaban,chap-18,6,10167
What do you mean,book,Book 3: Prisoner of Azkaban,chap-19,4,10168
Er -- Mr. Black -- Sirius,book,Book 3: Prisoner of Azkaban,chap-19,6,10169
What about Professor Snape,book,Book 3: Prisoner of Azkaban,chap-19,4,10170
expecto -- expecto --,book,Book 3: Prisoner of Azkaban,chap-20,4,10171
What did he do to him,book,Book 3: Prisoner of Azkaban,chap-20,6,10172
"That was because you were knocked out, Professor",book,Book 3: Prisoner of Azkaban,chap-21,8,10173
"This is three hours ago, and we are walking down to Hagrid's",book,Book 3: Prisoner of Azkaban,chap-21,12,10174
"Okay, but we'll go around by the greenhouses",book,Book 3: Prisoner of Azkaban,chap-21,8,10175
"Harry, what do you think you'd do if you saw yourself bursting into Hagrid's house",book,Book 3: Prisoner of Azkaban,chap-21,15,10176
We'll have to hide in here,book,Book 3: Prisoner of Azkaban,chap-21,6,10177
That was Crookshanks pressing the knot,book,Book 3: Prisoner of Azkaban,chap-21,6,10178
Right after we'd gone down into the passage,book,Book 3: Prisoner of Azkaban,chap-21,8,10179
Didn't you see what they looked like,book,Book 3: Prisoner of Azkaban,chap-21,7,10180
How do you expect to find a rat in the dark,book,Book 3: Prisoner of Azkaban,chap-21,11,10181
"Shh, Fang, it's us",book,Book 3: Prisoner of Azkaban,chap-21,4,10182
"Right, it's nearly time",book,Book 3: Prisoner of Azkaban,chap-21,4,10183
"and I got it from Professor McGonagall on our first day back. I've been using it all year to get to all my lessons. Professor McGonagall made me swear I wouldn't tell anyone. She had to write all sorts of letters to the Ministry of Magic so I could have one. She had to tell them that I was a model student, and that I'd never, ever use it for anything except my studies.... I've been turning it back so I could do hours over again, that's how I've been doing several lessons at once, see? But...",book,Book 3: Prisoner of Azkaban,chap-21,97,10184
We've gone back in time,book,Book 3: Prisoner of Azkaban,chap-21,5,10185
It's called a Time-Turner,book,Book 3: Prisoner of Azkaban,chap-21,4,10186
If anyone's looking out of the window --,book,Book 3: Prisoner of Azkaban,chap-21,8,10187
Let's move along a bit,book,Book 3: Prisoner of Azkaban,chap-21,5,10188
That's Hagrid breaking the milk jug,book,Book 3: Prisoner of Azkaban,chap-21,6,10189
We're about to come out,book,Book 3: Prisoner of Azkaban,chap-21,5,10190
"Not to interfere! Lupin's going to run into the forest, right at us",book,Book 3: Prisoner of Azkaban,chap-21,13,10191
Okay -- I can hear Dumbledore,book,Book 3: Prisoner of Azkaban,chap-22,6,10192
I promised I wouldn't tell anyone,book,Book 3: Prisoner of Azkaban,chap-22,6,10193
"Oh, cheer up, Harry",book,Book 3: Prisoner of Azkaban,chap-22,4,10194
Harry panted. I don't want to think about it,book,Book 3: Prisoner of Azkaban,chap-22,9,10195
"Why don't you show Harry where he's sleeping, Ron",book,Book 4: Goblet of Fire,chap-5,9,10196
We can all go,book,Book 4: Goblet of Fire,chap-5,4,10197
"Have you had a good summer, Harry",book,Book 4: Goblet of Fire,chap-5,7,10198
I think they've stopped arguing,book,Book 4: Goblet of Fire,chap-5,5,10199
I wonder what the Bulgarians have got dangling all over their tents,book,Book 4: Goblet of Fire,chap-7,12,10200
He looks really grumpy,book,Book 4: Goblet of Fire,chap-7,4,10201
"Come here, Mr. Weasley",book,Book 4: Goblet of Fire,chap-7,4,10202
"Harry, what are you doing",book,Book 4: Goblet of Fire,chap-8,5,10203
"Harry, if you're not going to watch at normal speed, you're going to miss things",book,Book 4: Goblet of Fire,chap-8,15,10204
They're going to crash,book,Book 4: Goblet of Fire,chap-8,4,10205
"He was very brave, wasn't he",book,Book 4: Goblet of Fire,chap-8,6,10206
What's that supposed to mean,book,Book 4: Goblet of Fire,chap-9,5,10207
"Well, with any luck, the Ministry will catch him",book,Book 4: Goblet of Fire,chap-9,9,10208
They must go to Beauxbatons,book,Book 4: Goblet of Fire,chap-9,5,10209
"You know, house-elves get a very raw deal",book,Book 4: Goblet of Fire,chap-9,8,10210
"Not exactly on top of things, Mr. Bagman, is he",book,Book 4: Goblet of Fire,chap-9,10,10211
I hope the others are okay,book,Book 4: Goblet of Fire,chap-9,6,10212
"Those poor Muggles, though",book,Book 4: Goblet of Fire,chap-9,4,10213
"Mad, though, to do something like that when the whole Ministry of Magic's out here tonight",book,Book 4: Goblet of Fire,chap-9,16,10214
What's going to happen to Winky,book,Book 4: Goblet of Fire,chap-9,6,10215
The way they were treating her,book,Book 4: Goblet of Fire,chap-9,6,10216
She didn't run amok,book,Book 4: Goblet of Fire,chap-9,4,10217
"I told you, it's You-Know-Who's symbol, Ron",book,Book 4: Goblet of Fire,chap-9,7,10218
So. . . whoever conjured the Dark Mark. .,book,Book 4: Goblet of Fire,chap-9,9,10219
"It's people like you, Ron",book,Book 4: Goblet of Fire,chap-9,5,10220
"It's the Dark Mark, Harry",book,Book 4: Goblet of Fire,chap-9,5,10221
She didn't do anything - she was just in the wrong place at the wrong time,book,Book 4: Goblet of Fire,chap-9,16,10222
"But we don't know where Sirius is. . . he could be in Africa or somewhere, couldn't he",book,Book 4: Goblet of Fire,chap-10,18,10223
"If you ask me, Mr. Crouch is very lucky no one at the Daily Prophet knows how mean he is to elves",book,Book 4: Goblet of Fire,chap-10,22,10224
"His slave, you mean",book,Book 4: Goblet of Fire,chap-10,4,10225
"Why were you asking if Hedwig had come, Harry",book,Book 4: Goblet of Fire,chap-10,9,10226
"Thanks for having us to stay, Mrs. Weasley",book,Book 4: Goblet of Fire,chap-11,8,10227
"Well, nobody knows, do they",book,Book 4: Goblet of Fire,chap-11,5,10228
There's traditionally been a lot of rivalry between all the magic schools. Durmstrang and Beauxbatons like to conceal their whereabouts so nobody can steal their secrets,book,Book 4: Goblet of Fire,chap-11,26,10229
But Hogwarts is hidden,book,Book 4: Goblet of Fire,chap-11,4,10230
But I think Durmstrang must be somewhere in the far north,book,Book 4: Goblet of Fire,chap-11,11,10231
"Either explain what you're on about or go away, Malfoy",book,Book 4: Goblet of Fire,chap-11,10,10232
Of course he does,book,Book 4: Goblet of Fire,chap-11,4,10233
"Oooh, I wouldn't fancy crossing the lake in this weather",book,Book 4: Goblet of Fire,chap-11,10,10234
"Oh no, not necessarily",book,Book 4: Goblet of Fire,chap-12,4,10235
Where's the new Defense Against the Dark Arts teacher,book,Book 4: Goblet of Fire,chap-12,9,10236
Maybe they couldn't get anyone,book,Book 4: Goblet of Fire,chap-12,5,10237
I've never seen one,book,Book 4: Goblet of Fire,chap-12,4,10238
"People have died, though",book,Book 4: Goblet of Fire,chap-12,4,10239
"That's all right, Professor",book,Book 4: Goblet of Fire,chap-12,4,10240
What happened to him,book,Book 4: Goblet of Fire,chap-12,4,10241
"You should have given it up like me, shouldn't you",book,Book 4: Goblet of Fire,chap-13,10,10242
I've decided there are better ways of making a stand about elf rights,book,Book 4: Goblet of Fire,chap-13,13,10243
You know perfectly well I only said that to shut Malfoy up,book,Book 4: Goblet of Fire,chap-13,12,10244
"Just because they're not very pretty, it doesn't mean they're not useful",book,Book 4: Goblet of Fire,chap-13,12,10245
"Neville, are you all right",book,Book 4: Goblet of Fire,chap-14,5,10246
You seem to be drowning twice,book,Book 4: Goblet of Fire,chap-14,6,10247
Don't you think it's a bit obvious you've made these up,book,Book 4: Goblet of Fire,chap-14,11,10248
Funny you should ask,book,Book 4: Goblet of Fire,chap-14,4,10249
"Well, of course you haven't",book,Book 4: Goblet of Fire,chap-14,5,10250
Well - if you two join - three,book,Book 4: Goblet of Fire,chap-14,8,10251
We start by recruiting members,book,Book 4: Goblet of Fire,chap-14,5,10252
What does it say,book,Book 4: Goblet of Fire,chap-14,4,10253
"That was a lie, Harry",book,Book 4: Goblet of Fire,chap-15,5,10254
"But - but you said it's illegal, Professor",book,Book 4: Goblet of Fire,chap-15,8,10255
He's not an idiot. You just don't like him because he beat Gryffindor at Quidditch,book,Book 4: Goblet of Fire,chap-15,15,10256
"Excuse me, I don't like people just because they're handsome",book,Book 4: Goblet of Fire,chap-15,10,10257
"Well, the Heads of the participating schools are always on the panel",book,Book 4: Goblet of Fire,chap-15,12,10258
"No, of course not",book,Book 4: Goblet of Fire,chap-15,4,10259
Hedwig'll attract too much attention,book,Book 4: Goblet of Fire,chap-15,5,10260
"You can't Apparate inside the Hogwarts grounds, how often do I have to tell you",book,Book 4: Goblet of Fire,chap-15,15,10261
Oh don't say that,book,Book 4: Goblet of Fire,chap-15,4,10262
That's because they're uneducated and brainwashed,book,Book 4: Goblet of Fire,chap-15,6,10263
"For heaven's sake, Ron, he's only a Quidditch player",book,Book 4: Goblet of Fire,chap-16,9,10264
It's not that cold,book,Book 4: Goblet of Fire,chap-16,4,10265
Of course she isn't,book,Book 4: Goblet of Fire,chap-16,4,10266
When you've both put your eyes back in,book,Book 4: Goblet of Fire,chap-16,8,10267
"They organized the Triwizard Tournament, didn't they",book,Book 4: Goblet of Fire,chap-16,7,10268
But I don't think anyone under seventeen will stand a chance,book,Book 4: Goblet of Fire,chap-16,11,10269
"I'm not sure this is going to work, you know",book,Book 4: Goblet of Fire,chap-16,10,10270
"Well, I'm glad someone from Gryffindor's entering",book,Book 4: Goblet of Fire,chap-16,7,10271
"But Harry set Dobby free, and he was over the moon about it",book,Book 4: Goblet of Fire,chap-16,13,10272
He's going up to the castle with her,book,Book 4: Goblet of Fire,chap-16,8,10273
"I bet Krum can see right through him, though. . . bet he gets people fawning over him all the time.. . . Where d'you reckon they're going to sleep? We could offer him a space in our dormitory, Harry. . . I wouldn't mind giving him my bed, I could kip on a camp bed",book,Book 4: Goblet of Fire,chap-16,56,10274
No one's making you stay,book,Book 4: Goblet of Fire,chap-16,5,10275
"Ooh it's them, look",book,Book 4: Goblet of Fire,chap-16,4,10276
"Oh look, they're all disappointed",book,Book 4: Goblet of Fire,chap-16,5,10277
"Well. . . no, I don't think so . . . not really",book,Book 4: Goblet of Fire,chap-18,13,10278
He'd want you to tell him,book,Book 4: Goblet of Fire,chap-18,6,10279
"Harry, this isn't going to be kept quiet",book,Book 4: Goblet of Fire,chap-18,8,10280
"Well, borrow one of the school owls, then, anyone can use them",book,Book 4: Goblet of Fire,chap-18,12,10281
"Oh Harry, isn't it obvious",book,Book 4: Goblet of Fire,chap-18,5,10282
I'm not teiling him anything,book,Book 4: Goblet of Fire,chap-18,5,10283
People keep looking at me now,book,Book 4: Goblet of Fire,chap-19,6,10284
"but I hate talking to you in that cloak, I never know if I'm looking at you or not.",book,Book 4: Goblet of Fire,chap-19,19,10285
Oh all right then. .,book,Book 4: Goblet of Fire,chap-19,5,10286
"You know, maybe I should try and get some of the villagers involved in S.P.E.W",book,Book 4: Goblet of Fire,chap-19,15,10287
"Oh no, he's back again, why can't he read on his stupid ship",book,Book 4: Goblet of Fire,chap-20,13,10288
"Harry, I really think you've got it",book,Book 4: Goblet of Fire,chap-20,7,10289
"That's better, Harry, that's loads better",book,Book 4: Goblet of Fire,chap-20,6,10290
"Harry, you were brilliant",book,Book 4: Goblet of Fire,chap-20,4,10291
Just as long as he didn't import those skrewts illegally or anything,book,Book 4: Goblet of Fire,chap-21,12,10292
"You'll see, you'll see in a minute",book,Book 4: Goblet of Fire,chap-21,7,10293
"I think this is the best thing that could have happened to those elves, you know",book,Book 4: Goblet of Fire,chap-21,16,10294
Oh she'll cheer up,book,Book 4: Goblet of Fire,chap-21,4,10295
Probably says he's not a very good Head of Department,book,Book 4: Goblet of Fire,chap-21,10,10296
He's supposed to work out the clue on his own,book,Book 4: Goblet of Fire,chap-21,10,10297
How do you get in there,book,Book 4: Goblet of Fire,chap-21,6,10298
I'm not asking you to,book,Book 4: Goblet of Fire,chap-21,5,10299
That's not very much,book,Book 4: Goblet of Fire,chap-21,4,10300
"And how much is Professor Dumbledore paying you, Winky",book,Book 4: Goblet of Fire,chap-21,9,10301
Don't let Percy hear you saying that,book,Book 4: Goblet of Fire,chap-21,7,10302
"Mmm . . . you're not exactly straining yourself, though, are you",book,Book 4: Goblet of Fire,chap-22,12,10303
But it might take weeks to work it out,book,Book 4: Goblet of Fire,chap-22,9,10304
"All the good-looking ones taken, Ron",book,Book 4: Goblet of Fire,chap-22,6,10305
I can't come with you,book,Book 4: Goblet of Fire,chap-22,5,10306
I'm going to bed,book,Book 4: Goblet of Fire,chap-22,4,10307
I've already told you,book,Book 4: Goblet of Fire,chap-22,4,10308
"Twitchy little ferret, aren't you, Malfoy",book,Book 4: Goblet of Fire,chap-23,6,10309
"But he's right, Harry",book,Book 4: Goblet of Fire,chap-23,4,10310
"It's hot, isn't it",book,Book 4: Goblet of Fire,chap-23,4,10311
I'd never help him work out that egg,book,Book 4: Goblet of Fire,chap-23,8,10312
This whole tournament's supposed to be about getting to know foreign wizards and making friends with them,book,Book 4: Goblet of Fire,chap-23,17,10313
"Well, if you don't like it, you know what the solution is, don't you",book,Book 4: Goblet of Fire,chap-23,14,10314
Oooh there's a tragedy,book,Book 4: Goblet of Fire,chap-23,4,10315
That's what Krum did,book,Book 4: Goblet of Fire,chap-23,4,10316
"No, I wasn't! If you really want to know, he - he said he'd been coming up to the library every day to try and talk to me, but he hadn't been able to pluck up the courage",book,Book 4: Goblet of Fire,chap-23,38,10317
That was a really good lesson,book,Book 4: Goblet of Fire,chap-24,6,10318
Maybe she heard him telling Madame Maxime at the ball,book,Book 4: Goblet of Fire,chap-24,10,10319
"Like you and Ron did, you mean",book,Book 4: Goblet of Fire,chap-24,7,10320
It's a lot colder where he comes from,book,Book 4: Goblet of Fire,chap-24,8,10321
He shouldn't be doing that,book,Book 4: Goblet of Fire,chap-24,5,10322
"Well, I don't think Dumbledore would like it if he knew Bagman was trying to persuade you to cheat",book,Book 4: Goblet of Fire,chap-24,19,10323
Those goblins didn't look very friendly,book,Book 4: Goblet of Fire,chap-24,6,10324
"Well, the/re quite capable of dealing with wizards",book,Book 4: Goblet of Fire,chap-24,8,10325
My parents don't read the Daily Prophet. She can't scare me into hiding,book,Book 4: Goblet of Fire,chap-24,13,10326
We-er-we wanted to see Hagrid,book,Book 4: Goblet of Fire,chap-24,5,10327
Oh . . . um ... okay,book,Book 4: Goblet of Fire,chap-24,7,10328
"Come back and teach, Hagrid",book,Book 4: Goblet of Fire,chap-24,5,10329
"I - well, I'm not going to pretend it didn't make a nice change, having a proper Care of Magical Creatures lesson for once - but I do want Hagrid back, of course I do",book,Book 4: Goblet of Fire,chap-24,35,10330
What's he avoiding us for,book,Book 4: Goblet of Fire,chap-24,5,10331
Doesn't he ever go into the office,book,Book 4: Goblet of Fire,chap-24,7,10332
Why has Mr. Crouch been pretending to be ill,book,Book 4: Goblet of Fire,chap-26,9,10333
You just want to think Snapes up to something,book,Book 4: Goblet of Fire,chap-26,9,10334
"I don't think he'd let you choose what you wanted to be turned into, though",book,Book 4: Goblet of Fire,chap-26,15,10335
"It takes years to become an Animagus, and then you have to register yourself and everything",book,Book 4: Goblet of Fire,chap-26,16,10336
"Of course, the ideal solution would be for you to Transfigure yourself into a submarine or something",book,Book 4: Goblet of Fire,chap-26,17,10337
There must be something,book,Book 4: Goblet of Fire,chap-26,4,10338
There's a way of doing it,book,Book 4: Goblet of Fire,chap-26,6,10339
Oh this is no use,book,Book 4: Goblet of Fire,chap-26,5,10340
We'll meet you back in the common room,book,Book 4: Goblet of Fire,chap-26,8,10341
"What were you going to do, snore at them",book,Book 4: Goblet of Fire,chap-27,9,10342
"It looks like it, doesn't it",book,Book 4: Goblet of Fire,chap-27,6,10343
"If that's the best Rita can do, she's losing her touch",book,Book 4: Goblet of Fire,chap-27,11,10344
"There's something funny, though",book,Book 4: Goblet of Fire,chap-27,4,10345
"Getting his comeuppance for sacking Winky, isn't he",book,Book 4: Goblet of Fire,chap-27,8,10346
It's more likely he did it than Winky,book,Book 4: Goblet of Fire,chap-27,8,10347
Crouch's son was caught,book,Book 4: Goblet of Fire,chap-27,4,10348
It's half past three,book,Book 4: Goblet of Fire,chap-27,4,10349
Percy would never throw any of his family to the dementors,book,Book 4: Goblet of Fire,chap-27,11,10350
He asked me right after he'd pulled me out of the lake,book,Book 4: Goblet of Fire,chap-27,12,10351
Winky didn't steal that wand,book,Book 4: Goblet of Fire,chap-27,5,10352
We saw him in the forest just before the Dark Mark appeared,book,Book 4: Goblet of Fire,chap-27,12,10353
Did Crouch try and get his son off,book,Book 4: Goblet of Fire,chap-27,8,10354
You've just had breakfast,book,Book 4: Goblet of Fire,chap-28,4,10355
But we're not sure if that's true,book,Book 4: Goblet of Fire,chap-28,7,10356
"No, it's not that",book,Book 4: Goblet of Fire,chap-28,4,10357
They're all like it,book,Book 4: Goblet of Fire,chap-28,4,10358
"Well, we know what to get you next Christmas",book,Book 4: Goblet of Fire,chap-28,9,10359
I want to know how she's listening into private conversations when she's supposed to be banned from the grounds,book,Book 4: Goblet of Fire,chap-28,19,10360
"Other people manage to do their own housework, you know, Winky",book,Book 4: Goblet of Fire,chap-28,11,10361
Oh for heavens sake,book,Book 4: Goblet of Fire,chap-28,4,10362
What on earth -,book,Book 4: Goblet of Fire,chap-28,4,10363
"Well, Rita's definitely not using an Invisibility Cloak",book,Book 4: Goblet of Fire,chap-28,8,10364
I'm not asking you to help,book,Book 4: Goblet of Fire,chap-28,6,10365
"You cant Disapparate on the Hogwarts grounds, haven't I told you enough times",book,Book 4: Goblet of Fire,chap-29,13,10366
"And Mr. Crouch evaporated, did he",book,Book 4: Goblet of Fire,chap-29,6,10367
"Just go through it again, Harry",book,Book 4: Goblet of Fire,chap-29,6,10368
"Well, that was his fault",book,Book 4: Goblet of Fire,chap-29,5,10369
We need to see Professor Moody,book,Book 4: Goblet of Fire,chap-29,6,10370
"What, at this time",book,Book 4: Goblet of Fire,chap-29,4,10371
"Yes, but this is the law",book,Book 4: Goblet of Fire,chap-29,6,10372
"You can't Disapparate on the grounds, Ron",book,Book 4: Goblet of Fire,chap-29,7,10373
But under his own steam,book,Book 4: Goblet of Fire,chap-29,5,10374
He's worried about you,book,Book 4: Goblet of Fire,chap-29,4,10375
Except put your name in the Goblet of Fire,book,Book 4: Goblet of Fire,chap-29,9,10376
They couldn't have made it look like an accident if they'd murdered you in the forest,book,Book 4: Goblet of Fire,chap-29,16,10377
"Harry, I don't understand it either",book,Book 4: Goblet of Fire,chap-29,6,10378
"Well, you keep missing the cushions, don't you",book,Book 4: Goblet of Fire,chap-29,8,10379
"Well, I think Harry's got it now, anyway",book,Book 4: Goblet of Fire,chap-29,8,10380
See you at dinner,book,Book 4: Goblet of Fire,chap-29,4,10381
"You don't think they know something about all this, do you",book,Book 4: Goblet of Fire,chap-29,11,10382
D'you think it's too early to go and see Professor Moody,book,Book 4: Goblet of Fire,chap-29,11,10383
Of course she doesn't,book,Book 4: Goblet of Fire,chap-31,4,10384
I'm not worrying about her,book,Book 4: Goblet of Fire,chap-31,5,10385
Don't worry about it,book,Book 4: Goblet of Fire,chap-31,4,10386
"You're still doing really well, though",book,Book 4: Goblet of Fire,chap-31,6,10387
You were at the top of North Tower,book,Book 4: Goblet of Fire,chap-31,8,10388
I've had an idea,book,Book 4: Goblet of Fire,chap-31,4,10389
Oh . . . yes ... all right,book,Book 4: Goblet of Fire,chap-37,8,10390
"Oh, Rita hasn't written anything at all since the third task",book,Book 4: Goblet of Fire,chap-37,11,10391
I found out how she was listening in on private conversations when she wasn't supposed to be coming onto the grounds,book,Book 4: Goblet of Fire,chap-37,21,10392
Oh not electronic bugs,book,Book 4: Goblet of Fire,chap-37,4,10393
Oh yes she is,book,Book 4: Goblet of Fire,chap-37,4,10394
"He was talking to her, in his hand",book,Book 4: Goblet of Fire,chap-37,8,10395
I've told her I'll let her out when we get back to London,book,Book 4: Goblet of Fire,chap-37,13,10396
"But - it must've been an accident, mustn't it",book,Book 4: Goblet of Fire,chap-37,9,10397
What's she done now,book,Book 6: Half Blood Prince,chap-5,4,10398
"And she's more intelligent, she's an Auror",book,Book 6: Half Blood Prince,chap-5,7,10399
Not you as well,book,Book 6: Half Blood Prince,chap-5,4,10400
That's not the point,book,Book 6: Half Blood Prince,chap-5,4,10401
She can't change her appearance like she used to,book,Book 6: Half Blood Prince,chap-5,9,10402
Dumbledore says people find it far easier to forgive others for being wrong than being right,book,Book 6: Half Blood Prince,chap-5,16,10403
"Nobody knows what it said, though",book,Book 6: Half Blood Prince,chap-5,6,10404
"Oh well, never mind that now",book,Book 6: Half Blood Prince,chap-5,6,10405
But it's got to come off,book,Book 6: Half Blood Prince,chap-5,6,10406
"Yes, I can hardly breathe for laughing",book,Book 6: Half Blood Prince,chap-5,7,10407
I know I messed up Ancient Runes,book,Book 6: Half Blood Prince,chap-5,7,10408
One for each of us,book,Book 6: Half Blood Prince,chap-5,5,10409
That gives you equal status with prefects,book,Book 6: Half Blood Prince,chap-6,7,10410
"'One simple incantation and you will enter a top-quality, highly realistic, thirty-minute daydream, easy to fit into the average school lesson and virtually undetectable (side effects include vacant expression and minor drooling). Not for sale to under-sixteens. You know",book,Book 6: Half Blood Prince,chap-6,39,10411
"Oh — I don't know, Harry",book,Book 6: Half Blood Prince,chap-6,6,10412
If only we could hear what they're saying,book,Book 6: Half Blood Prince,chap-6,8,10413
You two stay here,book,Book 6: Half Blood Prince,chap-6,4,10414
"Oh — er — no, I haven't got quite that much",book,Book 6: Half Blood Prince,chap-6,11,10415
"Hello, horrible morning, isn't it",book,Book 6: Half Blood Prince,chap-6,5,10416
"Yes, I've already agreed it was fishy, Harry",book,Book 6: Half Blood Prince,chap-7,8,10417
"It seems very unlikely, Harry",book,Book 6: Half Blood Prince,chap-7,5,10418
"I think he just wanted to get out of there, Harry",book,Book 6: Half Blood Prince,chap-7,11,10419
Maybe he preferred the Inquisitorial Squad,book,Book 6: Half Blood Prince,chap-7,6,10420
You're covered in blood,book,Book 6: Half Blood Prince,chap-8,4,10421
"said Harry curtly. He was very conscious that Ginny, Neville, Dean, and Seamus were listening in; even Nearly Headless Nick, the Gryffindor ghost, had come floating along the bench to eavesdrop.“But —",book,Book 6: Half Blood Prince,chap-8,32,10422
"said Harry, in a darkly significant voice. He hoped very much that they would all assume he had been involved in something heroic, preferably involving a couple of Death Eaters and a dementor. Of course, Malfoy would spread the story as wide as he could, but there was always a chance it wouldn't reach too many Gryffindor ears.He reached across Ron for a couple of chicken legs and a handful chips, but before he could take them they vanished, to be replaced with puddings.“You missed the Sorting, anyway",book,Book 6: Half Blood Prince,chap-8,88,10423
Hagrid was only a few minutes late,book,Book 6: Half Blood Prince,chap-8,7,10424
"he said, smiling broadly, his arms opened wide as though to embrace the whole room. “What happened to his hand",book,Book 6: Half Blood Prince,chap-8,20,10425
It looks as if it's died,book,Book 6: Half Blood Prince,chap-8,6,10426
"said Harry, so loudly that many heads turned in his direction. He did not care; he was staring up at the staff table, incensed. How could Snape be given the Defense Against the Dark Arts job after all this time? Hadn't it been widely known for years that Dumbledore did not trust him to do it? “But Harry, you said that Slughorn was going to be teaching Defense Against the Dark Arts",book,Book 6: Half Blood Prince,chap-8,72,10427
So what did Professor Slughorn want,book,Book 6: Half Blood Prince,chap-8,6,10428
"We're going to need that time for studying, Ron",book,Book 6: Half Blood Prince,chap-9,9,10429
Your adversary has no warning about what kind of magic you're about to perform,book,Book 6: Half Blood Prince,chap-9,14,10430
You really shouldn't have said it,book,Book 6: Half Blood Prince,chap-9,6,10431
"It's Veritaserum, a colorless, odorless potion thar forces the, drinker to tell the truth",book,Book 6: Half Blood Prince,chap-9,14,10432
It's the most powerful love porion in the world,book,Book 6: Half Blood Prince,chap-9,9,10433
And the steam rising in characteristic spirals,book,Book 6: Half Blood Prince,chap-9,7,10434
Ginny's got a point,book,Book 6: Half Blood Prince,chap-9,4,10435
It seems all right,book,Book 6: Half Blood Prince,chap-9,4,10436
We've got to go and explain,book,Book 6: Half Blood Prince,chap-11,6,10437
We didn't hate it,book,Book 6: Half Blood Prince,chap-11,4,10438
I hate not talking to Hagrid,book,Book 6: Half Blood Prince,chap-11,6,10439
"Oh, come on, Harry",book,Book 6: Half Blood Prince,chap-11,4,10440
It doesn't look like it,book,Book 6: Half Blood Prince,chap-11,5,10441
They probably want to look as though they're doing some-thing,book,Book 6: Half Blood Prince,chap-11,10,10442
I don't think we've got him all the time,book,Book 6: Half Blood Prince,chap-11,9,10443
I think he's left the school to do something with the Order,book,Book 6: Half Blood Prince,chap-11,12,10444
"Yes, yes, you were magnificent",book,Book 6: Half Blood Prince,chap-11,5,10445
We couldn't have done,book,Book 6: Half Blood Prince,chap-11,4,10446
"Oh, I wish you could come, I don't want to go on my own",book,Book 6: Half Blood Prince,chap-11,14,10447
"But how can he have done, Harry",book,Book 6: Half Blood Prince,chap-11,7,10448
All the owls are being checked too,book,Book 6: Half Blood Prince,chap-11,7,10449
Is there — is there anything we can do,book,Book 6: Half Blood Prince,chap-11,9,10450
Because its probably not Ministry of Magic approved,book,Book 6: Half Blood Prince,chap-12,8,10451
"Maybe your dad did use it, Harry",book,Book 6: Half Blood Prince,chap-12,7,10452
It's got nothing to do with that,book,Book 6: Half Blood Prince,chap-12,7,10453
"The Death Eaters can't all be pure-blood, there aren't enough pure-blood wizards left",book,Book 6: Half Blood Prince,chap-12,13,10454
I can't believe you've wriggled out of another one,book,Book 6: Half Blood Prince,chap-12,9,10455
I expect 'nothing's' in the back getting more firewhisky,book,Book 6: Half Blood Prince,chap-12,9,10456
We'd better get up to school,book,Book 6: Half Blood Prince,chap-12,6,10457
"What he actually said was, 'How would I look carrying that down the street?'",book,Book 6: Half Blood Prince,chap-12,14,10458
"Harry, Malfoy wasn't in Hogsmeade",book,Book 6: Half Blood Prince,chap-12,5,10459
"Borgin asked him if he wanted to take it with him, and Malfoy said no —",book,Book 6: Half Blood Prince,chap-12,16,10460
I think it's fascinating,book,Book 6: Half Blood Prince,chap-14,4,10461
"Oh, it was quite fun, really",book,Book 6: Half Blood Prince,chap-14,6,10462
Pass me a bowl,book,Book 6: Half Blood Prince,chap-14,4,10463
"Just for the Slug Club, yes",book,Book 6: Half Blood Prince,chap-14,6,10464
We're allowed to bring guests,book,Book 6: Half Blood Prince,chap-14,5,10465
"Hand that over, Harry",book,Book 6: Half Blood Prince,chap-14,4,10466
You know perfectly well what we're talking about,book,Book 6: Half Blood Prince,chap-14,8,10467
Don't pretend you didn't see him,book,Book 6: Half Blood Prince,chap-14,6,10468
"Ron, I warn you, don't drink it",book,Book 6: Half Blood Prince,chap-14,7,10469
He's at perfect liberty to kiss whomever he likes,book,Book 6: Half Blood Prince,chap-15,9,10470
I'm not talking about your stupid so-called prince,book,Book 6: Half Blood Prince,chap-15,8,10471
They didn't have the potions with them in the bathroom,book,Book 6: Half Blood Prince,chap-15,10,10472
"Well, just be careful what you drink, because Romilda Va ne looked like she meant business",book,Book 6: Half Blood Prince,chap-15,16,10473
And when has anyone ever paid attention to what Filch has banned,book,Book 6: Half Blood Prince,chap-15,12,10474
Fred and George send them disguised as perfumes and cough potions,book,Book 6: Half Blood Prince,chap-15,11,10475
"Well, good night, Harry",book,Book 6: Half Blood Prince,chap-15,4,10476
I thought he'd annoy Ron most,book,Book 6: Half Blood Prince,chap-15,6,10477
I like *really good* Quidditch players,book,Book 6: Half Blood Prince,chap-15,6,10478
"I've got something for you, Harry",book,Book 6: Half Blood Prince,chap-17,6,10479
"Overindulged over Christmas, apparently",book,Book 6: Half Blood Prince,chap-17,4,10480
"No, no, not History of Magic — Malfoy threatened Borgin with Kim",book,Book 6: Half Blood Prince,chap-17,12,10481
It is pretty suspicious,book,Book 6: Half Blood Prince,chap-17,4,10482
Then the poisoner didn't know Slughorn very well,book,Book 6: Half Blood Prince,chap-19,8,10483
"said Fred fairly.Well, I don't think it's Quidditch, but I think there's a connection between the attacks",book,Book 6: Half Blood Prince,chap-19,17,10484
"Hasn't he got any ideas, Hagrid",book,Book 6: Half Blood Prince,chap-19,6,10485
"Oh, Dean was laughing about McLaggen hitting that Bludgu at you",book,Book 6: Half Blood Prince,chap-20,11,10486
It didn't look funny at all,book,Book 6: Half Blood Prince,chap-20,6,10487
"Yes, they are — but why are you so interested",book,Book 6: Half Blood Prince,chap-20,10,10488
You won't find anything in there,book,Book 6: Half Blood Prince,chap-21,6,10489
He would if you'd just listened to Snape in our first year,book,Book 6: Half Blood Prince,chap-21,12,10490
"I'm telling you, the stupid Prince isn't going to be able to help you with this, Harry",book,Book 6: Half Blood Prince,chap-21,17,10491
You're going about it the wrong way,book,Book 6: Half Blood Prince,chap-21,7,10492
"It's okay, we can fix it",book,Book 6: Half Blood Prince,chap-21,6,10493
I think it'll be part of the magic of the room,book,Book 6: Half Blood Prince,chap-21,11,10494
"But I don't think you will, Harry",book,Book 6: Half Blood Prince,chap-21,7,10495
Kreachers done well too,book,Book 6: Half Blood Prince,chap-21,4,10496
But what's all this about him going up there with a variety of students',book,Book 6: Half Blood Prince,chap-21,14,10497
“Do you mean to say,book,Book 6: Half Blood Prince,chap-21,5,10498
And what about you,book,Book 6: Half Blood Prince,chap-21,4,10499
It’s a bit odd,book,Book 6: Half Blood Prince,chap-21,4,10500
Its not just that,book,Book 6: Half Blood Prince,chap-22,4,10501
"Yes, but for something like this",book,Book 6: Half Blood Prince,chap-22,6,10502
"Harry, you can't be thinking of going",book,Book 6: Half Blood Prince,chap-22,7,10503
"Ron, that's — that's it",book,Book 6: Half Blood Prince,chap-22,5,10504
"What on earth is more important than this memory, Harry",book,Book 6: Half Blood Prince,chap-22,10,10505
Harry? Are you still with us,book,Book 6: Half Blood Prince,chap-22,6,10506
"They're the Montgomery sisters and of course they don't look happy, didn't you hear what happened to their little brother",book,Book 6: Half Blood Prince,chap-22,20,10507
"Well, the rumor is that it was that Fenrir Greyback",book,Book 6: Half Blood Prince,chap-22,10,10508
He — he just failed,book,Book 6: Half Blood Prince,chap-22,5,10509
What are you talking about,book,Book 6: Half Blood Prince,chap-22,5,10510
What does it feel like,book,Book 6: Half Blood Prince,chap-22,5,10511
"No, Harry — you've got to go and see Slughorn, remember",book,Book 6: Half Blood Prince,chap-22,11,10512
"This is Felix Felicis, I suppose",book,Book 6: Half Blood Prince,chap-22,6,10513
"For the last time, just forget about Malfoy",book,Book 6: Half Blood Prince,chap-22,8,10514
"Ron, you're making it snow",book,Book 6: Half Blood Prince,chap-24,5,10515
"Of course, this puts you in a bit of a dilemma, doesn't it",book,Book 6: Half Blood Prince,chap-24,13,10516
"You definitely went into the bathroom, then",book,Book 6: Half Blood Prince,chap-24,7,10517
So it must have been a girl or a woman who gave Katie the necklace,book,Book 6: Half Blood Prince,chap-24,15,10518
That would be a complete waste of potion,book,Book 6: Half Blood Prince,chap-24,8,10519
"I won't say 'I told you so,'",book,Book 6: Half Blood Prince,chap-24,7,10520
I don't believe this,book,Book 6: Half Blood Prince,chap-24,4,10521
Are you telling me,book,Book 6: Half Blood Prince,chap-24,4,10522
— got a reputation for Potions brilliance you don't deserve,book,Book 6: Half Blood Prince,chap-24,10,10523
"Well, of course I'm glad Harry wasn't cursed",book,Book 6: Half Blood Prince,chap-24,8,10524
Katie! You're back! Are you okay?,book,Book 6: Half Blood Prince,chap-24,6,10525
I told you there was something wrong with that Prince person,book,Book 6: Half Blood Prince,chap-24,11,10526
"Outside Snape's office, yes",book,Book 6: Half Blood Prince,chap-29,4,10527
"I was so stupid, Harry",book,Book 6: Half Blood Prince,chap-29,5,10528
I told them you'd take it like this,book,Book 7: Deathly Hallows,chap-4,8,10529
"Ooh, you look much tastier than Crabbe and Goyle, Harry",book,Book 7: Deathly Hallows,chap-4,10,10530
"Harry, your eyesight really is awful",book,Book 7: Deathly Hallows,chap-4,6,10531
You aren't still thinking of leaving?,book,Book 7: Deathly Hallows,chap-5,6,10532
"Harry, come back in the house",book,Book 7: Deathly Hallows,chap-5,6,10533
Are you all right,book,Book 7: Deathly Hallows,chap-5,4,10534
"Oh, Ron's mum forgot that she asked Ginny and me to change the sheets yesterday",book,Book 7: Deathly Hallows,chap-6,15,10535
"Even if the Killing Curse missed, Mad-Eye still fell about a thousand feet",book,Book 7: Deathly Hallows,chap-6,13,10536
Of course we don't want him to be dead,book,Book 7: Deathly Hallows,chap-6,9,10537
Just trying to decide which ones to take with us,book,Book 7: Deathly Hallows,chap-6,10,10538
"No, Harry, you listen",book,Book 7: Deathly Hallows,chap-6,4,10539
But hopefully it'll look like I've gone away with Mum and Dad; a lot of Muggle-borns are talking about going into hiding at the moment,book,Book 7: Deathly Hallows,chap-6,25,10540
"Fleur's sister's a bridesmaid, she needs to be here for the rehearsal, and she's too young to come on her own",book,Book 7: Deathly Hallows,chap-6,21,10541
What we really need to decide,book,Book 7: Deathly Hallows,chap-6,6,10542
"Yes, but we're still going to have to try and trace the real locket, aren't we",book,Book 7: Deathly Hallows,chap-6,16,10543
It ¨C it wasn't stealing,book,Book 7: Deathly Hallows,chap-6,5,10544
Well... it was easy,book,Book 7: Deathly Hallows,chap-6,4,10545
Just after his ¨C Dumbledore's ¨C funeral,book,Book 7: Deathly Hallows,chap-6,7,10546
And the more I've read about them,book,Book 7: Deathly Hallows,chap-6,7,10547
It doesn't have to be a basilisk fang,book,Book 7: Deathly Hallows,chap-6,8,10548
"It should be, actually! But my point is that whatever happens to your body, your soul will survive, untouched",book,Book 7: Deathly Hallows,chap-6,19,10549
"I'm sorry, I'm sorry",book,Book 7: Deathly Hallows,chap-6,4,10550
Don't you think there's a possibility that Voldemort's keeping a watch on Godric's Hollow,book,Book 7: Deathly Hallows,chap-6,14,10551
How can you tell,book,Book 7: Deathly Hallows,chap-7,4,10552
That law was created to stop wizards passing on Dark artifacts,book,Book 7: Deathly Hallows,chap-7,11,10553
"No, it'll be because thirty-one days are up",book,Book 7: Deathly Hallows,chap-7,8,10554
"You're being modest, Ron",book,Book 7: Deathly Hallows,chap-7,4,10555
He... he knew I liked books,book,Book 7: Deathly Hallows,chap-7,6,10556
"That's all, then, is it",book,Book 7: Deathly Hallows,chap-7,5,10557
It belongs to Harry,book,Book 7: Deathly Hallows,chap-7,4,10558
"Ron, you know full well Harry and I were brought up by Muggles",book,Book 7: Deathly Hallows,chap-7,13,10559
So these are children's stories,book,Book 7: Deathly Hallows,chap-7,5,10560
"All the same, we should get to bed",book,Book 7: Deathly Hallows,chap-7,8,10561
I'll pack these for you,book,Book 7: Deathly Hallows,chap-7,5,10562
Always the tone of surprise,book,Book 7: Deathly Hallows,chap-8,5,10563
Wasn't he the one who saw a Grim and died twenty-four hours later,book,Book 7: Deathly Hallows,chap-8,13,10564
"Yes, he sounds a real charmer",book,Book 7: Deathly Hallows,chap-8,6,10565
We should go and congratulate them,book,Book 7: Deathly Hallows,chap-8,6,10566
"It's okay, I've got the Cloak, I've got clothes for both of you",book,Book 7: Deathly Hallows,chap-9,13,10567
We can't worry about that now,book,Book 7: Deathly Hallows,chap-9,6,10568
"Come on, I think we ought to keep moving",book,Book 7: Deathly Hallows,chap-9,9,10569
Where else is there,book,Book 7: Deathly Hallows,chap-9,4,10570
I've been practicing and I think so,book,Book 7: Deathly Hallows,chap-9,7,10571
"Yes, I took out all my Building Society savings before I came to the Burrow. I'll bet all the change is at the bottom",book,Book 7: Deathly Hallows,chap-9,24,10572
Never mind what they're called,book,Book 7: Deathly Hallows,chap-9,5,10573
"Oh, I'm so sorry",book,Book 7: Deathly Hallows,chap-9,4,10574
As far as you know,book,Book 7: Deathly Hallows,chap-9,5,10575
We're not splitting up,book,Book 7: Deathly Hallows,chap-9,4,10576
"Before we go any farther, I think we'd better check",book,Book 7: Deathly Hallows,chap-9,10,10577
It did what I meant it to do,book,Book 7: Deathly Hallows,chap-9,8,10578
But then you've got to close your mind,book,Book 7: Deathly Hallows,chap-9,8,10579
That m-must have b-been the T-Tongue-Tying Curse Mad-Eye set up for Snape!,book,Book 7: Deathly Hallows,chap-9,12,10580
Let's sit down somewhere,book,Book 7: Deathly Hallows,chap-9,4,10581
But how did they find us,book,Book 7: Deathly Hallows,chap-9,6,10582
I think somebody's been in here,book,Book 7: Deathly Hallows,chap-9,6,10583
A History of Magic,book,Book 7: Deathly Hallows,chap-10,4,10584
"I understand why you'd love to talk to her about your mum and dad, and Dumbledore too",book,Book 7: Deathly Hallows,chap-10,17,10585
There's an easier way,book,Book 7: Deathly Hallows,chap-10,4,10586
"Oh, it could still be here, but under counter-enchantments",book,Book 7: Deathly Hallows,chap-10,9,10587
"It could be somewhere else in the house, though",book,Book 7: Deathly Hallows,chap-10,9,10588
"Well, then, you did what you were told, didn't you",book,Book 7: Deathly Hallows,chap-10,10,10589
"Harry, Kreacher doesn't think like that",book,Book 7: Deathly Hallows,chap-10,6,10590
"Of course, I can see why that's upset you, Harry ¨C",book,Book 7: Deathly Hallows,chap-10,11,10591
"Harry, let him up",book,Book 7: Deathly Hallows,chap-10,4,10592
Stop him ¨C stop him,book,Book 7: Deathly Hallows,chap-10,5,10593
I don't think so,book,Book 7: Deathly Hallows,chap-11,4,10594
And are they bothering to give an excuse for torturing Harry's whereabouts out of people,book,Book 7: Deathly Hallows,chap-11,15,10595
So Death Eaters have taken over the Daily Prophet too,book,Book 7: Deathly Hallows,chap-11,10,10596
No ¨C no ¨C we mustn't fight,book,Book 7: Deathly Hallows,chap-11,7,10597
"For your information, none of the rest of us Disapparated",book,Book 7: Deathly Hallows,chap-11,10,10598
You've still got it,book,Book 7: Deathly Hallows,chap-11,4,10599
"Remus, Remus, come back",book,Book 7: Deathly Hallows,chap-11,4,10600
"Oh, don't start that again",book,Book 7: Deathly Hallows,chap-12,5,10601
What were you doing,book,Book 7: Deathly Hallows,chap-12,4,10602
"Harry, please don't insult our intelligence",book,Book 7: Deathly Hallows,chap-12,6,10603
"Harry, you keep talking about what your wand did",book,Book 7: Deathly Hallows,chap-12,9,10604
I'm sorry to hear you're under the weather,book,Book 7: Deathly Hallows,chap-12,8,10605
But that's just silly,book,Book 7: Deathly Hallows,chap-12,4,10606
You simply can't go to work like this,book,Book 7: Deathly Hallows,chap-12,8,10607
"See you in a moment, then",book,Book 7: Deathly Hallows,chap-12,6,10608
Snape could send Phineas Nigellus to look inside this house for him,book,Book 7: Deathly Hallows,chap-12,12,10609
And what about that funny old witch and that little wizard in the navy robes,book,Book 7: Deathly Hallows,chap-12,15,10610
How do you know he works for Magical Maintenance,book,Book 7: Deathly Hallows,chap-12,9,10611
"Harry, you aren't supposed to let this happen anymore",book,Book 7: Deathly Hallows,chap-12,9,10612
We don't know who he is,book,Book 7: Deathly Hallows,chap-12,6,10613
Take one of Mafalda's tokens,book,Book 7: Deathly Hallows,chap-12,5,10614
"You got in all right, then",book,Book 7: Deathly Hallows,chap-12,6,10615
Expec ¨C Expecto patronum,book,Book 7: Deathly Hallows,chap-13,4,10616
It's all I feel safe doing,book,Book 7: Deathly Hallows,chap-14,6,10617
In the woods where they held the Quidditch World Cup,book,Book 7: Deathly Hallows,chap-14,10,10618
"Apparently he didn't want it back, his lumbago's so bad",book,Book 7: Deathly Hallows,chap-14,10,10619
I'll make some tea,book,Book 7: Deathly Hallows,chap-14,4,10620
"With any luck, they'll have got away",book,Book 7: Deathly Hallows,chap-14,7,10621
"Well, we were running for our lives from the Death Eaters, weren't we",book,Book 7: Deathly Hallows,chap-14,13,10622
I think I'd better take over the watch if you're so tired you're falling sleep,book,Book 7: Deathly Hallows,chap-14,15,10623
What are we going to do with it,book,Book 7: Deathly Hallows,chap-14,8,10624
"Oh, all right, all right",book,Book 7: Deathly Hallows,chap-15,5,10625
"Fine, but we'll go somewhere else to find it",book,Book 7: Deathly Hallows,chap-15,9,10626
"It's not stealing, is it",book,Book 7: Deathly Hallows,chap-15,5,10627
"There can't be anything there. He'd already made five of his Horcruxes before he went into exile, and Dumbledore was certain the snake is the sixth",book,Book 7: Deathly Hallows,chap-15,26,10628
You told us that You-Know-Who asked Dumbledore to give him a job after he left,book,Book 7: Deathly Hallows,chap-15,15,10629
"But he didn't get the job, did he",book,Book 7: Deathly Hallows,chap-15,8,10630
Your mother can't produce food out of thin air,book,Book 7: Deathly Hallows,chap-15,9,10631
"I'm very sorry, Professor Black",book,Book 7: Deathly Hallows,chap-15,5,10632
Neville is not an idiot and Luna is not an oddity,book,Book 7: Deathly Hallows,chap-15,11,10633
Hagrid's not an oaf,book,Book 7: Deathly Hallows,chap-15,4,10634
Not enough to tell him that he had swapped the swords,book,Book 7: Deathly Hallows,chap-15,11,10635
"Take off the locket, Ron",book,Book 7: Deathly Hallows,chap-15,5,10636
"Well, as the village is named after him I'd have thought you might have made the connection",book,Book 7: Deathly Hallows,chap-16,17,10637
"Harry, I think it's Christmas Eve",book,Book 7: Deathly Hallows,chap-16,6,10638
I'm sure it is,book,Book 7: Deathly Hallows,chap-16,4,10639
"It doesn't mean defeating death in the way the Death Eaters mean it, Harry",book,Book 7: Deathly Hallows,chap-16,14,10640
You and your parents aren't mentioned,book,Book 7: Deathly Hallows,chap-16,6,10641
Are you sure he never mentioned ¨C,book,Book 7: Deathly Hallows,chap-16,7,10642
How are we going to find Bathilda's house,book,Book 7: Deathly Hallows,chap-17,8,10643
I wonder why nobody's ever rebuilt it,book,Book 7: Deathly Hallows,chap-17,7,10644
They shouldn't have written on the sign,book,Book 7: Deathly Hallows,chap-17,7,10645
"Harry, I'm not sure about this",book,Book 7: Deathly Hallows,chap-17,6,10646
"Harry, what area you doing",book,Book 7: Deathly Hallows,chap-17,5,10647
"Why did you ask us to come with you, Mrs. ¨C Miss ¨C Bagshot",book,Book 7: Deathly Hallows,chap-17,14,10648
"Harry, I don't think we're going to be able to",book,Book 7: Deathly Hallows,chap-17,10,10649
"Let's go this way,",book,Book 7: Deathly Hallows,chap-17,4,10650
I couldn't get the Horcrux off you,book,Book 7: Deathly Hallows,chap-17,7,10651
"You're still really angry at me, aren't you",book,Book 7: Deathly Hallows,chap-18,8,10652
I'm not trying to defend what Dumbledore wrote,book,Book 7: Deathly Hallows,chap-18,8,10653
I'm sure I imagined it,book,Book 7: Deathly Hallows,chap-19,5,10654
"Oh, I don't know",book,Book 7: Deathly Hallows,chap-19,4,10655
And what exactly did I say,book,Book 7: Deathly Hallows,chap-19,6,10656
You saw the what,book,Book 7: Deathly Hallows,chap-19,4,10657
"Gosh, what a gripping story",book,Book 7: Deathly Hallows,chap-19,5,10658
You just need to practice,book,Book 7: Deathly Hallows,chap-20,5,10659
I'm sure this is important,book,Book 7: Deathly Hallows,chap-20,5,10660
Maybe... maybe it's something you need to find out for yourself,book,Book 7: Deathly Hallows,chap-20,11,10661
"Well, it's not like you haven't just seen them. You were there for Christmas",book,Book 7: Deathly Hallows,chap-20,14,10662
"But where have you been, then",book,Book 7: Deathly Hallows,chap-20,6,10663
"Do you think it's theirs, and they've gone away for Christmas",book,Book 7: Deathly Hallows,chap-20,11,10664
It's nothing like a bird,book,Book 7: Deathly Hallows,chap-20,5,10665
"You'd better take off the Invisibility Cloak, Harry",book,Book 7: Deathly Hallows,chap-20,8,10666
"Well, I agree with Ron",book,Book 7: Deathly Hallows,chap-20,5,10667
But what are the Deathly Hallows,book,Book 7: Deathly Hallows,chap-21,6,10668
But there's no mention of the words 'Deathly Hallows' in the story,book,Book 7: Deathly Hallows,chap-21,12,10669
But then... do you mean,book,Book 7: Deathly Hallows,chap-21,5,10670
"That was the name on the grave with the mark on it, in Godric's Hollow",book,Book 7: Deathly Hallows,chap-21,15,10671
"And it's helped us rather a lot, in case you hadn't noticed",book,Book 7: Deathly Hallows,chap-21,12,10672
"Yes, but could you keep your trap shut",book,Book 7: Deathly Hallows,chap-21,8,10673
"I've got a copy, Mr. Lovegood, I've got it right here.",book,Book 7: Deathly Hallows,chap-21,11,10674
Oh I hope they don't kill him,book,Book 7: Deathly Hallows,chap-22,7,10675
I hope you're right,book,Book 7: Deathly Hallows,chap-22,4,10676
"Oh, why did we go there",book,Book 7: Deathly Hallows,chap-22,6,10677
"Well, I don't suppose it matters",book,Book 7: Deathly Hallows,chap-22,6,10678
The Tale of the Three Brothers' is a story,book,Book 7: Deathly Hallows,chap-22,9,10679
"But they weren't really back from the dead, were they",book,Book 7: Deathly Hallows,chap-22,10,10680
It means the name died out,book,Book 7: Deathly Hallows,chap-22,6,10681
The Peverell coat of arms,book,Book 7: Deathly Hallows,chap-22,5,10682
Yes...and that's all very interesting,book,Book 7: Deathly Hallows,chap-22,5,10683
But I only said that to try and persuade you to come to the Lovegoods',book,Book 7: Deathly Hallows,chap-22,15,10684
But that's Lee Jordan,book,Book 7: Deathly Hallows,chap-22,4,10685
It's so brave of them,book,Book 7: Deathly Hallows,chap-22,5,10686
I thought it was You-Know-Who we were supposed to be fighting,book,Book 7: Deathly Hallows,chap-22,11,10687
We only met him tonight,book,Book 7: Deathly Hallows,chap-23,5,10688
"You ¨C you really think this wand exists, then, Mr. Ollivander",book,Book 7: Deathly Hallows,chap-24,11,10689
So you ¨C you don't think it can be a fairy tale or a myth,book,Book 7: Deathly Hallows,chap-24,15,10690
"Goblins have got good reason to dislike wizards, Ron",book,Book 7: Deathly Hallows,chap-25,9,10691
"Ron, he'd know the difference better than we would",book,Book 7: Deathly Hallows,chap-25,9,10692
Does it make a difference,book,Book 7: Deathly Hallows,chap-25,5,10693
But that could be years,book,Book 7: Deathly Hallows,chap-25,5,10694
I don't like it,book,Book 7: Deathly Hallows,chap-25,4,10695
There's really only enough left for one of us,book,Book 7: Deathly Hallows,chap-25,9,10696
"Luna, we told you",book,Book 7: Deathly Hallows,chap-25,4,10697
But that's my point,book,Book 7: Deathly Hallows,chap-26,4,10698
"No, no, not at all, Travers",book,Book 7: Deathly Hallows,chap-26,6,10699
The Dark Lord forgives those who have served him most faithfully in the past,book,Book 7: Deathly Hallows,chap-26,14,10700
"It does not matter, it will not do so again",book,Book 7: Deathly Hallows,chap-26,10,10701
I have my wand here,book,Book 7: Deathly Hallows,chap-26,5,10702
This is Dragomir Despard,book,Book 7: Deathly Hallows,chap-26,4,10703
I need to visit Gringotts,book,Book 7: Deathly Hallows,chap-26,5,10704
But you've just done that,book,Book 7: Deathly Hallows,chap-26,5,10705
I wish to enter my vault,book,Book 7: Deathly Hallows,chap-26,6,10706
Identification? I¨CI have never been asked for identification before,book,Book 7: Deathly Hallows,chap-26,9,10707
"Harry, I think I can hear people coming",book,Book 7: Deathly Hallows,chap-26,8,10708
"Stand still, don't move",book,Book 7: Deathly Hallows,chap-26,4,10709
Harry ¨C Harry ¨C what are you doing,book,Book 7: Deathly Hallows,chap-26,8,10710
I miss my wand,book,Book 7: Deathly Hallows,chap-26,4,10711
"What are we going to do, though",book,Book 7: Deathly Hallows,chap-27,7,10712
"Professor Dumbledore cared about Harry, very much",book,Book 7: Deathly Hallows,chap-28,7,10713
But that's a really serious thing to say,book,Book 7: Deathly Hallows,chap-28,8,10714
I don't believe it. Dumbledore loved Harry,book,Book 7: Deathly Hallows,chap-28,7,10715
"We're going to have to try to Disapparate, Harry",book,Book 7: Deathly Hallows,chap-28,9,10716
I'm so... I'm so sorry,book,Book 7: Deathly Hallows,chap-28,5,10717
"It was Ron, all Ron's idea",book,Book 7: Deathly Hallows,chap-31,6,10718
But don't you realize,book,Book 7: Deathly Hallows,chap-31,4,10719
"Ron, we're the only ones who can end it! Please ¨C Ron ¨C we need the snake, we've got to kill the snake",book,Book 7: Deathly Hallows,chap-32,23,10720
Voldemort's sitting in the shrieking Shack,book,Book 7: Deathly Hallows,chap-32,6,10721
"Harry, you get the Cloak on",book,Book 7: Deathly Hallows,chap-32,6,10722
It'll be all right,book,Book 7: Deathly Hallows,chap-33,4,10723
I think Harry's right,book,Book 7: Deathly Hallows,chap-36,4,10724
He doesn't mean it,book,Book 7: Deathly Hallows,chap-37,4,10725
"Ron, for heaven's sake",book,Book 7: Deathly Hallows,chap-37,4,10726
