Dialogue ID,Chapter ID,Place ID,Character ID,Dialogue,word_count
222,10,42,3,Has anyone seen a toad? A boy named Neville's lost one.,11
224,10,42,3,"Oh, are you doing magic? Let's see then.",8
226,10,42,3,"Are you sure that's a real spell? Well, it's not very good, is it? Of course I've only tried a few simple spells myself, and they've all worked for me. For example...  Oculus Reparo.  That's better, isn't it? Holy Cricket, you're Harry Potter. I'm Hermione Granger...and you are...?",48
228,10,42,3,"Pleasure. You two better change into your robes. I expect we'll be arriving soon.  You've got dirt, on your nose, by the way, did you know? Just there.",28
241,12,36,3,"It's not real, the ceiling. It's just bewitched to look like the night sky. I read about it in Hogwarts: A History.",22
245,12,36,3,"Oh, no. Okay, relax.",4
282,13,36,3,Nearly headless? How can you be nearly headless?,8
317,14,36,3,"I've read about those. When the smoke turns red,  it means you've forgotten something.",14
327,15,52,3,Up. Up. Up. Up.,4
353,15,52,3,"Harry, no way! You heard what Madam Hooch said! Besides, you don't even know how to fly.  What an idiot.",20
375,15,63,3,You won't make a fool of yourself. It's in your blood.,11
382,16,59,3,"The staircases change, remember?",4
386,16,59,3,We're not supposed to be here. This is the 3rd floor. It's forbidden.,13
393,16,59,3,"Oh, move over!  Alohomora.  Get in.",6
395,16,59,3,"Standard book of spells, Chapter 7.",6
403,16,59,3,"You don't use your eyes, do you? Didn't you see what it was standing on?",15
405,16,59,3,It was standing on a trap door. Which means it wasn't there by accident. It's guarding something.,17
407,16,59,3,"That's right. Now, if you two don't mind, I'm going to bed before either of you come up with another clever idea to get us killed... or worse, expelled!",29
424,17,26,3,"Stop, stop, stop. You're going to take someone's eye out. Besides, you're saying it wrong. It's Levi-o-sa, not Leviosar.",19
463,18,34,3,"It's my fault, Professor McGonagall.",5
465,18,34,3,I went looking for the troll. I'd read about them and thought I could handle it. But I was wrong. If Harry and Ron hadn't come and found me...I'd probably be dead.,32
473,19,36,3,"Ron's right, Harry. You're gonna need your strength today.",9
479,19,36,3,But why would anyone go near that dog?,8
483,19,36,3,"Bit early for mail, isn't it?",6
513,20,51,3,It's Snape! He's jinxing the broom!,6
515,20,51,3,Leave it to me.,4
533,21,40,3,That thing has a name?,5
539,21,40,3,"Hogwarts teacher or not, I know a spell when I see one. I've read all about them. You've got to keep eye contact and Snape wasn't blinking.",27
553,21,39,3,"Good, you can help Harry, then. He's going to go and look in the library for information on Nicholas Flamel.",20
555,21,39,3,Not in the restricted section. Happy Christmas.,7
600,24,44,3,Look at you playing with your cards. Pathetic! We've got final exams coming up soon.,15
602,24,44,3,"All right, what are the three most crucial ingredients in a Forgetfulness Potion?",13
604,24,44,3,"And what, may I ask, do you plan to do if this comes up in the final exam?",18
606,24,44,3,"No, you won't! Besides, according to Professor McGonagall, we're to be given special quills bewitched with an anti-cheating spell.",19
622,24,44,3,I had you looking in the wrong section! How could I be so stupid? I checked this out a few weeks ago for a bit of light reading.,28
624,24,44,3,"Of course! Here it is!  ""Nicholas Flamel is the only known maker of the Philosopher's Stone!""",16
627,24,44,3,"Honestly, don't you two read? ""The Philosopher's Stone is a legendary substance with astonishing powers. It will turn any metal into pure gold and produces the Elixir of Life, which will make the drinker immortal.""",35
629,24,44,3,It means you'll never die.,5
632,24,44,3,"""The only stone currently in existence belongs to Mr. Nicholas Flamel, the noted alchemist, who last year celebrated his 665th birthday!"" That's what Fluffy's guarding on the 3rd floor. That's what's under the trapdoor...the Philosopher's Stone!",36
636,24,40,3,We know about the Philosopher's Stone!,6
646,24,40,3,"Of course! There are other things defending the Stone, aren't there? Spells, enchantments.",13
672,25,35,3,"Well, that's good, isn't it? He'll be with his own kind.",11
700,26,39,3,"You mean You-Know-Who's out there, right now, in the forest?",10
705,26,39,3,"Hang on a minute.  We're forgetting one thing. Who's the one wizard Voldemort always feared? Dumbledore. As long as Dumbledore's around, Harry, you're safe. As long as Dumbledore's around, you can't be touched.",33
706,27,39,3,"I've always heard Hogwarts' end of the year exams were frightful, but I found that rather enjoyable.",17
728,27,39,3,And with Dumbledore gone,4
732,27,39,3,Now what do we do?,5
739,27,39,3,"Neville, I'm really, really sorry about this... Petrificus Totalus.",9
744,27,59,3,Ow! You stood on my foot!,6
753,27,59,3,The harp. It stopped playing.,5
758,27,64,3,"Stop moving, both of you. This is Devil's Snare. You have to relax. If you don't, it will only kill you faster.",22
765,27,64,3,Do what I say. Trust me.,6
771,27,64,3,"He's not relaxing, is he?",5
774,27,64,3,We've got to do something!,5
776,27,64,3,Uh! I remember reading something in Herbology.,7
778,27,64,3,"Um Devil's Snare, Devil's Scare,  it's deadly fun...but will sulk in the sun! That's it! Devil's Snare hates sunlight!  Lumos Solem!",21
787,27,64,3,Curious. I've never seen birds like these.,7
789,27,64,3,What's this all about?,4
792,27,64,3,Ugh! What're we going to do? There must be 1000 keys up there!,13
801,28,64,3,I don't like this. I don't like this at all.,10
809,28,64,3,"Ron, you don't suppose this is going to be like...real wizard's chess, do you?",14
817,29,64,3,"No, Ron, you can't!  There must be another way!",9
822,29,64,3,"You'll be okay, Harry. You're a great wizard, you really are.",11
824,29,64,3,"Me? Books and cleverness? There are more important things. Friendship, and bravery. And Harry, just be careful.",17
871,33,36,3,We're tied with Slytherin!,4
884,34,36,3,"Feels strange to be going home, doesn't it?",8
1045,39,1,3,"Oh, it's so good to see you!",7
1047,39,1,3,What did you do to your glasses? Oculus reparo.,9
1052,39,1,3,Come on! Everyone's been so worried.,6
1069,40,1,3,Fear of a name only increase fear of the thing itself.,11
1147,44,38,3,"Mandrake, or Mandragora, is used to return those who have been Petrified to their original state. It's also quite dangerous. The Mandrake's cry is fatal to anyone who hears it.",30
1197,46,45,3,At least no one on the Gryffindor team had to buy their way in. They got it on pure talent.,20
1202,46,45,3,"You okay, Ron? Say something!",5
1213,46,40,3,He called me a Mudblood.,5
1216,46,40,3,It means dirty blood.â Mudblood's a really foul name for someone who is Muggle-born. Someone with non-magic parents. Someone like me. It's not a term one usually hears in civilized conversation.,31
1242,47,28,3,"Harry, wait! Not so fast!",5
1245,47,28,3,The Chamber of Secrets has been opened enemies the heir beware.' It's written in blood.,15
1263,47,28,3,"That's why Ron and I went looking for him, Professor. We'd just found him when he said",17
1269,47,28,3,"It's a bit strange, isn't it?",6
1271,47,28,3,"You hear this voice, a voice only you can hear, and then Mrs. Norris turns up Petrified. It's just strange.",20
1274,47,28,3,"No, Harry. Even in the wizarding world, hearing voices isn't a good sign.",13
1280,48,61,3,"Professor, I was wondering if you could tell us aboutthe Chamber of Secrets?",13
1286,48,61,3,Professor? What exactly does legend tell us lies within the Chamber?,11
1289,48,45,3,Yes. Couldn't you tell? McGonagall's worried. All the teachers are.,10
1291,48,45,3,"The Heir of Slytherin has returned to Hogwarts. The question is, who is it?",14
1293,48,45,3,If you're talking about Malfoy.,5
1295,48,45,3,"I heard him. But Malfoy, the Heir of Slytherin?",9
1298,48,45,3,"Even they aren't that thick. But there might be another way. Mind you, it would be difficult. Not to mention, we would be breaking about fifty school rules. And, it'll be dangerous. Very dangerous.",34
1299,49,44,3,"Here it is. 'The Polyjuice Potion.'  'Properly brewed, the Polyjuice Potion allows the drinker to transform himself temporarily into the physical form of another.'",24
1303,49,44,3,Exactly. But it's tricky. I've never seen a more complicated potion.,11
1307,49,44,3,I know. But it's the only plan we've got.,9
1316,49,52,3,No! Even with a proper wand it's too risky. You could hit Harry!,13
1337,50,43,3,"You will be able to, won't you?",7
1370,51,46,3,Again? You mean the Chamber of Secrets has been opened before?,11
1372,51,46,3,Maybe. We'll have to wait for the Polyjuice Potion to know for sure.,13
1374,51,46,3,Heh No. No one ever comes in here.,8
1381,51,46,3,She's a little sensitive.,4
1385,51,36,3,Do you think he's all right?,6
1410,52,39,3,You can talk to snakes.,5
1412,52,39,3,"No, they can't. It's not a very common gift, Harry. This is bad.",13
1418,52,39,3,"I don't know, Harry, but it sounded like you were egging the snake on, or something. Harry, listen to me. There's a reason the symbol of Slytherin House is a serpent. Salazar Slytherin was a Parselmouth. He could talk to snakes, too.",42
1421,52,39,3,"He lived a thousand years ago; for all we know, you could be.",13
1450,54,46,3,Everything's set. We just need a bit of who you're changing into.,12
1452,54,46,3,We also need to make sure that the real Crabbe and Goyle can't burst in on us while we're interrogating Malfoy.,21
1454,54,46,3,"I've got it all worked out. I filled these with a simple Sleeping Draught. Simple, but powerful. Now, once they're asleep hide them in the broomstick cupboard and pull out a few of their hairs, and put on their uniforms.",40
1456,54,46,3,I've already got mine. Millicent Bulstrodeâ Slytherin- I got this off her robes. I'm going to go check on the Polyjuice Potion. Make sure that Crabbe and Goyle find these.,30
1466,54,46,3,We'll have exactly one hour before we change back into ourselves Add the hairs.,14
1479,54,46,3,I- I don't think I'm going. You go on without me!,11
1481,54,46,3,Just go. You're wasting time!,5
1515,55,46,3,Do you remember me telling you that the Polyjuice Potion was only for human transformations? It was cat's hair I plucked off Millicent Bulstrode's robes. Look at my face.,29
1566,58,45,3,It can't be Hagrid. It just can't be.,8
1569,58,45,3,Look. Hagrid's our friend. Why don't we just go and ask him about it?,14
1579,58,39,3,It had to be a Gryffindor. Nobody else knows our password- unless it wasn't a student.,16
1862,70,36,3,It's good to be back! Congratulations! I can't believe you solved it!,12
1957,75,5,3,"It's a cat, Ronald. What do you expect? It's in his nature.",12
1959,75,5,3,"That's rich... coming from the owner of that smelly old shoe brush. Crookshanks, just ignore the mean little boy.",19
1964,75,5,3,You know the Egyptians used to worship cats?,8
1988,75,5,3,"Good morning, Mr. Weasley.",4
2006,76,42,3,"Honestly, Ron, it's not funny. Harry was lucky not to be expelled.",12
2009,76,42,3,Come on. Everywhere else is full.,6
2013,76,42,3,"It's on his suitcase, Ronald.",5
2016,76,42,3,Seems to be. Why?,4
2020,76,42,3,"But they'll catch Black, won't they? I mean, everyone's looking for him.",12
2023,76,42,3,Why are we stopping? We can't be there yet.,9
2026,76,42,3,"Ouch, Ron. That was my foot.",6
2029,76,42,3,"Harry. Harry, are you all right?",6
2039,76,42,3,"No one was screaming, Harry.",5
2041,77,36,3,"Of course. That's why he knew to give you the chocolate, Harry.",12
2060,78,32,3,What a load of rubbish.,5
2062,78,32,3,Me? I've been here all this time.,7
2072,78,40,3,"Oh, honestly, Ron. If you ask me, Divination's a woolly discipline. Now, Ancient Runes, that's a fascinating subject.",18
2076,78,40,3,Don't be silly Ron. How could anyone be in two classes at once? Broaden your minds. Use your Inner Eye to see the future!.,24
2082,79,40,3,I think they're funny.,4
2104,79,40,3,Hagrid! He has to be taken to the hospital.,9
2113,80,36,3,Yeah but I heard Draco's father's furious. We haven't heard the end of this.,14
2117,80,36,3,Dufftown? That's not far from here.,6
2126,80,30,3,Boggarts are shape-shifters. They take the shape of whatever a particular person fears the most. That's what makes them so...,20
2168,82,39,3,"It's not funny, Ron.",4
2199,83,30,3,"But sir, we just learned about red caps and hinkypunks. We're not meant to start that for weeks.",18
2203,83,30,3,"Please, sir. An Animagus is a wizard who elects to turn into an animal. A werewolf has no choice. With each full moon, when he transforms, he no longer remembers who he is. He'd kill his best friend if he crossed his path. Furthermore, the werewolf only responds to the call of its own kind.",55
2209,84,51,3,"Go, Harry! Go, Harry!",4
2215,84,43,3,How are you feeling?,4
2221,84,43,3,"Umm... no one blames you, Harry. The dementors aren't supposed to come inside the grounds. Dumbledore's furious. As soon as he saved you, he sent them off.",27
2277,86,19,3,It's meant to be the most haunted building in Britain. Did I mention that?,14
2279,86,19,3,Do you want to move a bit closer?,8
2285,86,19,3,Hope you don't mean yourself!,5
2294,87,22,3,But Harry isn't going to keep it. He's going to turn it over to Professor McGonagall. Aren't you?,18
2296,87,22,3,"Oh, Look who it is. Madam Rosmerta. Ron fancies her.",10
2332,87,22,3,"Ron, look! Sorry, sorry. Excuse me, excuse me, sorry. Harry, what happened?",12
2357,88,37,3,Ronald has lost his rat.,5
2361,88,37,3,"Well, maybe you should take better care of your pets!",10
2366,88,37,3,"How did it go, Hagrid? The hearing?",7
2412,90,32,3,"Oh, do you mind me trying? The Grim, possibly.",9
2425,91,40,3,I can't believe they're going to kill Buckbeak. It's just too horrible.,12
2428,91,40,3,"You! You foul, loathsome, evil little cockroach!",7
2437,91,40,3,"We'll stay with you too, Hagrid.",6
2441,91,40,3,I think that means you owe someone an apology.,9
2465,91,40,3,I thought I just saw... Never mind.,7
2474,92,67,3,"Harry, you do realize what tree this is?",8
2477,92,67,3,"Ron! Ron, wait! Harry!",4
2484,92,67,3,Where do you suppose this goes?,6
2486,92,20,3,"We're in the Shrieking Shack, aren't we?",7
2488,93,20,3,Ron. You're okay. The dog. Where is it?,8
2490,93,20,3,"If you want to kill Harry, you'll have to kill us too!",12
2500,93,20,3,"No! I trusted you! And all this time, you've been his friend. He's a werewolf! That's why he's been missing classes.",21
2502,93,20,3,Since Professor Snape set the essay.,6
2528,94,20,3,You attacked a teacher!,4
2562,95,67,3,"You go, I'll stay.",4
2565,95,67,3,That looks really painful.,4
2567,95,67,3,I'm sure Madam Pomfrey will fix it in a heartbeat.,10
2596,97,43,3,"Listen Harry, they've captured Sirius. Any minute the dementors are going to perform the Kiss.",15
2598,97,43,3,"No. It's worse. Much worse. They're going to suck out his soul. Headmaster, you've got to stop them. They've got the wrong man.",23
2603,97,43,3,"The point is, we know the truth. Please believe us.",10
2606,97,43,3,"Sorry, Ron, but seeing as you can't walk...",8
2608,98,43,3,7:30. Where were we at 7:30?,6
2610,98,43,3,Come on. And we can't be seen.,7
2612,98,40,3,"You foul, loathsome, evil little cockroach!",6
2616,98,40,3,"This is a Time-Turner, Harry. McGonagall gave it to me first term. This is how I've been getting to my lessons all year.",23
2618,98,40,3,"Yes. Dumbledore obviously wanted us to return to this moment. Clearly, something happened he wants us to change.",18
2627,99,40,3,"Of course. Remember what Dumbledore said? If we succeed, more than one innocent life could be spared. Let's go.",19
2629,99,40,3,"Fudge has to see Buckbeak before we steal him. Otherwise, he'll think Hagrid set him free.",16
2635,99,40,3,"Yes, and you must! Harry, you're in Hagrid's hut now. If you just go bursting in, you'll think you've gone mad. Awful things happen to wizards who meddle with time. We can't be seen.",34
2636,99,40,3,Fudge is coming. And we aren't leaving? Why aren't we leaving?,11
2640,99,40,3,Sorry. We're coming out the back door. Go!,8
2641,99,40,3,Is that really what my hair looks like from the back?,11
2645,99,40,3,"Okay, go, Harry. Go!",4
2649,99,40,3,"Okay, Buckbeak. Come quickly. Come with us now. Come on.",10
2650,99,40,3,Keep trying. Come on. Quickly. Buckbeak. Okay? Quickly. Hurry up. Okay?,11
2653,99,40,3,"Hurry up now, Buckbeak, okay? Come on. Come on, Buckbeak. Come and get the nice dead ferret. Come on. It's here. Come on, Beaky.",24
2661,99,40,3,"Come on, Buckbeak. Come on.",5
2682,99,67,3,No idea. Look. It's Lupin.,5
2686,99,67,3,And now we wait.,4
2687,100,67,3,At least someone's enjoying himself.,5
2691,100,67,3,With a Patronus. I heard Snape telling Dumbledore. According to him... only a really powerful wizard could have conjured it.,20
2693,100,67,3,"Harry, but your dad's... Dead. I know. I'm just telling you what I saw.",14
2702,100,67,3,"Yeah, I didn't think about that. Run!",7
2703,100,67,3,That was so scary.,4
2707,100,37,3,"Harry, listen to me. No one's coming.",7
2709,100,37,3,You're dying... both of you. Harry!,6
2713,100,37,3,But I don't like flying...!,5
2722,100,37,3,We have to go.,4
2727,101,43,3,"What's he talking about, Harry?",5
2749,103,36,3,This came with it.,4
2752,103,36,3,"How fast is it, Harry?",5
2765,105,17,3,Wake up. Wake up Ronald!,5
2767,105,17,3,"Honestly. Get dressed, and don't go back to sleep. Come on Ron! Your mother says breakfast's ready.",17
2837,107,72,3,Harry it's his mark.,4
2854,107,42,3,"This is horrible, how can the ministry not know who conjured it. Isn't there any security or?",17
2856,107,42,3,"It's hurting again isn't it, your scar.",7
2858,107,42,3,"You know Sirius will want to hear about this. What you saw at the world cup, and the dream.",19
2876,108,36,3,Alastor Moody? The aura.,4
2890,109,30,3,Because they are unforgivable. Use of any one of them will...,11
2907,109,30,3,"Stop it! Can't you see it's bothering him, stop it!",10
2911,109,30,3,"There's a reason those curses are unforgivable, and to perform them in a classroom. I mean did you see Neville's face.",21
2919,109,36,3,It's not going to work.,5
2921,109,36,3,You see this? This is an age line. Dumbledore drew it himself.,12
2923,109,36,3,So a genius like Dumbledore couldn't possibly be fooled by something pathetically dimwitted such as an age potion.,18
2936,110,36,3,Go on Harry. Harry for goodness sake.,7
3016,114,37,3,We've already been through enough people why don't you just go and do it yourself? Ughh. What do you want me to say again?,24
3017,114,37,3,Ronald would like me to tell you that Seamus told him that Dean was told by Parvati that Hagrid was looking for you.,23
3020,114,37,3,Dean was told by Parvati that... Please don't ask me say it again. Hagrid's looking for you.,17
3022,114,37,3,I'm NOT an owl!,4
3082,116,51,3,Pssst! Harry? Is that you?,5
3084,116,51,3,How are you feeling? OK? The key is to concentrate. After that you just have to...,16
3091,116,51,3,Oh um.. Sorry I'll just go.,6
3103,116,51,3,Your wand harry! Your wand!,5
3122,116,36,3,Look at this! I can't believe it she's done it again. Miss Granger a plain but ambitious girl seems to be developing a taste for famous wizards. Her latest prey sources report is none other than the Bulgarian bon-bon Viktor Krum. No word yet on how Harry Potter's taking this latest emotional blow.,53
3131,116,36,3,They're not for Ginny they're for you! Dress robes.,9
3157,118,36,3,It might interest you to know that Neville's already got someone.,11
3162,118,36,3,I won't be going alone because believe it or not someone's asked me. And I said yes.,17
3218,119,36,3,Hot isn't it? Viktor's gone to get drinks. Care to join us?,12
3220,119,36,3,What's got your wand in a knot?,7
3222,119,36,3,"The enemy?? Who was it wanting his autograph? Besides, the whole point of the tournament is international magical cooperation, to make friends.",22
3227,119,36,3,How dare you! Besides I can take care of myself.,10
3229,119,36,3,What? What? That's what you think?,6
3231,119,36,3,You know the solution then don't you.,7
3233,119,36,3,"Next time there's a ball pluck up the courage and ask me before somebody else does, and not as a last resort.",22
3235,119,36,3,Where have you been? Nevermind! Off to bed both of you.,11
3237,119,36,3,Ron you spoil everything!,4
3241,120,29,3,Harry you told me you'd figured the egg out weeks ago. The task is two days from now.,18
3243,120,29,3,"I wouldn't know, we didn't actually talk about the tournament. Actually we didn't really talk at all, Viktor's more of a physical being. I just mean he's not particularly... Mostly he watches me study. It's a bit annoying actually. You are trying to figure this egg out aren't you?",49
3245,120,29,3,"I mean these tasks are supposed to test you, in the most brutal way they're almost cruel. And um, I'm scared for you. You got by the dragon mostly on nerve, I'm not sure it's going to be enough this time.",41
3265,120,44,3,"Harry, tell me again.",4
3267,120,44,3,"The black lake, that's obvious.",5
3269,120,44,3,"Again obvious, though I must admit potentially problematic",8
3271,120,44,3,"Look Harry, we can do this. The three of us can figure it out.",14
3273,120,44,3,"But sir, the second task is only hours away and...",10
3308,121,37,3,Are you alright? You must be freezing! Personally I think you behaved admirably.,13
3489,130,58,3,Everything's going to change now isn't it?,7
3491,130,58,3,Promise you'll write this summer. Both of you.,8
3493,130,58,3,Harry will won't you?,4
3602,134,7,3,"Oh, Harry! We've missed you! Are you furious with us, I bet you are!",14
3605,134,7,3,"Sorry we haven't written, Harry, but Dumbledore made us promise not to.",12
3609,134,7,3,He was so angry when he heard. It was...scary...,9
3618,134,7,3,"Some of the Order are following known Death Eaters, like Lucious Malfoy.",12
3620,134,7,3,The Order of the Phoenix. Dumbledore started it last time to fight You-Know-Who. He only reorganized it after last term.,20
3664,134,7,3,"They'll have to let you off, Harry... You were defending",10
3669,134,7,3,Would you like a hug?,5
3772,138,42,3,"Harry, Ron and I, we've been named House Prefects! She hands Harry a letter.",14
3773,138,42,3,"What about you, Harry?",4
3774,138,42,3,Are you sure? I would have thought you would get one!,11
3786,138,42,3,I hope he's all right...,5
3812,140,30,3,I wanted to know something about your course aims.,9
3814,140,30,3,But surely the whole point of Defense against the dark arts is practical application?,14
3818,140,30,3,But we've got O.W.L.s coming up! You expect us to do the spells with no practice?,16
3834,140,30,3,How can Dumbledore let that horrible woman teach? And when we're taking our OWL tests too!,16
3836,140,30,3,"Well, not us specifically, but definitely Dumbledore and the Order.",10
3853,141,39,3,Have you seen Ron? I can't find him anywhere.,9
3855,141,39,3,He's been acting fishy all week. He's up to something.,10
3859,141,39,3,He's got to be taken to the hospital wing.,9
3862,141,39,3,That old hag! She's sick!,5
3864,141,39,3,"Harry, I really think you should tell--",7
3867,141,39,3,Hagrid's still not back yet. I hope he's all right.,10
3869,141,39,3,"Harry, you can't write to him! Owls are being intercepted, it isn't safe.",13
3872,141,39,3,You think she's working for You- Know-Who?,7
3874,141,39,3,"I suppose so. He could have her under the Imperious Curse, though it's unlikely. Dumbledore'd know.",16
3895,143,21,3,"Come on, I'll explain in a minute.",7
3897,143,21,3,These are some people I mentioned my Defense Against the Dark Arts idea with.,14
3903,143,21,3,"Obviously, this will help us pass our O.W.L.s, but more importantly, it gives us the ability to protect ourselves from...Lord Voldemort. Several people jump or wince in fear at the name.",31
3908,143,21,3,"That's true, but I think we're drifting from the purpose--",10
3911,143,21,3,"Well...anyway...uh, I think that in order to learn properly we'll need a teacher.",13
3924,143,21,3,So all in favor of taking lessons from Harry?,9
3925,143,21,3,Where are we going to meet?,6
3929,143,21,3,"I think we should put our names down, so we know who was here.",14
3931,143,21,3,"Honestly, Ernie, do you think I'd just leave it lying around? Besides, its enchanted.",14
3932,143,21,3,"Also, what should we call ourselves?",6
3935,143,21,3,We'll let you know when we're going,7
3936,143,29,3,I think that went well.,5
3938,143,29,3,"And did you see Cho, Harry?",6
3939,143,29,3,"Well, she couldn't keep her eyes off you, could she?!",10
3951,143,36,3,"No, they couldn't have. The parchment we all signed was enchanted, like I said. No one can betray the D.A. without us knowing.",23
3956,143,36,3,"Harry, you'd better take her to Professor Grubby-Plank. She'll know what to do.",13
3984,144,55,3,"Harry, are you all right?",5
4015,144,55,3,I know something that could cheer you up.,8
4113,147,7,3,That's got to be what Surgis Podmore was doing in the Ministry when he was arrested.,16
4116,147,7,3,"It makes perfect sense, Ron. It's got to be something the Ministry's been developing. Something top secret.",17
4117,147,7,3,Look at this. There's been a mass escape from Azkaban.,10
4166,148,35,3,Hagrid...we've been walking for a good hour.,7
4170,148,35,3,We won't let her!,4
4171,148,35,3,Of course we'll help.,4
4175,148,35,3,"Hagrid, I thought none of them wanted to come!",9
4177,148,35,3,"Oh, why, Hagrid? Why?",4
4246,150,36,3,How do you know?,4
4251,150,36,3,"How'd Voldemort get into the Ministry of Magic without being seen? I mean, he and Sirius are the two most wanted wizards in the world...",25
4253,150,36,3,"It just seems so unlikely, Harry!",6
4257,150,36,3,"Think, Harry! Voldemort knows you! He knows you'd rush off to save Sirius.",13
4261,150,36,3,"Yes, they can, Harry.",4
4263,150,36,3,"Before we do anything, we need to establish that Sirius really isn't at Headquarters. Which means we'll need to break into Umbridge's office.",23
4266,150,36,3,"Mind you, it's got to be really good!",8
4269,150,36,3,We'll also need to keep everyone away from her office.,10
4271,150,36,3,We'll probably only manage five minutes or so.,8
4275,150,36,3,"Break out your Invisibility Cloak, Harry.",6
4323,151,30,3,"We have to tell her, Harry...",6
4326,151,30,3,We were trying to find Professor Dumbledore. We had to tell him...,12
4328,151,30,3,That it's ready. The weapon.,5
4331,151,35,3,"Oh, yes. It's very well hidden.",6
4336,151,35,3,Don't call them that!,4
4354,151,35,3,I thought it worked out rather nicely.,7
4357,151,35,3,I'd imagine we should fly.,5
4363,151,35,3,"There's nothing there, Harry.",4
4380,152,70,3,"Well, let's try a few.",5
4384,152,70,3,"There's no one here, Harry. This isn't the right room.",10
4389,152,70,3,"Harry, I think we should leave.",6
4396,152,70,3,I don't think Sirius is here.,6
4400,152,70,3,"Don't touch it, Harry!",4
4437,152,70,3,"Harry, they went the wrong way!",6
4627,156,36,3,"Come on, let's go in to the feast.",8
4630,156,36,3,"Take your time, Harry. We'll be here when you are.",10
4751,161,17,3,Was that an owl I heard?,6
4762,161,17,3,"A few days ago.  Though... for a bit, I wasn't sure I was coming.",14
4765,161,17,3,She's not alone.  Even my parents -- and they're Muggles -- know something bad is happening.,16
4768,161,17,3,There's been a lot of chatter lately.  That he's gotten... old.,11
4805,161,6,3,How is it Fred and George are doing it?  Half the alley's closed down.,14
4809,161,6,3,But everyone got their wands from Ollivander.  Young.  Old...,9
4827,161,42,3,"Stop, Harry, I know where you're going with this --",10
4830,161,42,3,Harry is under the impression that Draco Malfoy is now a Death Eater.,13
4835,161,42,3,I told you.  I don't know what I saw.,9
4877,163,36,3,Will.  You.  Stop.  Eating!  Your best friend is missing!,9
4881,163,36,3,"Where've you been, Harry?  And what happened to your face?",10
4885,163,36,3,What's happened to his hand?,5
4910,164,49,3,"Granger, sir.  That one there is Veritaserum.  And that would be Polyjuice Potion.  And that is Amortentia! The most powerful love potion in the world.",25
4911,164,49,3,"It's rumored to smell differently to each person, according to what attracts them.  For example, I smell freshly mown grass and new parchment and spearmint toothpaste --",27
4925,164,49,3,How did you do that?,5
4927,164,49,3,No.  The instructions specifically say to cut.,7
5007,166,39,3,No I have not. And if you had a shred of self-respect you would turn that book in.,18
5010,166,39,3,"I'd like to know just whose book that was.  Let's take a look, shall we?",15
5014,166,39,3,The binding is fragile?,4
5019,166,39,3,"For weeks you carry around this book, practically sleep with it... and you have no desire to find out who The Half-Blood Prince is?",24
5022,166,22,3,"Well, I was curious.  So I went to",8
5026,166,22,3,And... nothing.  There's no reference to the Half-Blood Prince anywhere.,10
5029,167,22,3,"What've you got there, Hagrid?",5
5031,167,22,3,"Stinksap?  You're not sick, are you?",6
5036,167,22,3,"The Aurors. I know they're here to protect us, but... somehow I don't feel any safer.",16
5044,167,22,3,"Three Butterbeers.  Splash of ginger in mine, please.",8
5046,167,22,3,"Oh, honestly, Ronald.  They're just holding hands...",7
5049,167,22,3,Leave?  You can't be serious.,5
5051,167,22,3,So?  What if she looked over here and saw you snogging me?  Would you expect her to get up and leave?,21
5072,167,22,3,I'll get someone --,4
5117,168,49,3,My parents are dentists.  They tend to people's teeth.,9
5119,168,49,3,"No.  Though, a boy named Robbie Fenwick did bite my father once. Needed ten stitches.",15
5123,168,49,3,Look at her eyes.  They've been fighting again.  Her and Dean.,11
5147,169,36,3,Dead boring.  Though I think Harry enjoyed dessert.,8
5148,169,36,3,"Ol' Sluggy's having a Christmas do, you know.  And we're meant to bring someone...",14
5150,169,36,3,"Actually, I was going to ask you.",7
5152,169,36,3,Really.  But seeing as you have such a distaste for the idea --,13
5159,169,36,3,"Don't drink that, Ron!",4
5160,169,36,3,You could be expelled for that.,6
5166,169,39,3,Ron seems to be enjoying himself.,6
5168,169,39,3,"You shouldn't have done it, Harry.",6
5170,169,39,3,That was different.  It was tryouts.  This was an actual match --,12
5171,169,39,3,You didn't put it in? Ron only thought you did?,10
5172,170,39,3,Charms spell.  Just practicing.,4
5174,170,39,3,"How does it feel, Harry?  When you see Dean with Ginny? I know, Harry.  You're my best friend.  I see how you look at her.",25
5180,170,44,3,"He's at perfect liberty to kiss whomever he likes.  I really couldn't care less.  Was I under the impression that he and I would be attending Slughorn's Christmas party together?  Yes.  Of course, now, given the circumstances, I've had to make other arrangements.",43
5184,170,44,3,Why didn't I think of that?,6
5186,170,44,3,"Um... it's a surprise.  Besides, it's you we need to worry about. And you can't pick just anyone. See that girl over there.  That's Romilda Vane.  Rumor has it she's trying to slip you a love potion.",37
5188,170,44,3,"Hey! She's only interested in you because she thinks you're the Chosen One.  You know that, right?",17
5199,171,49,3,"Hm?  Oh, I've just escaped -- I mean, left Cormac.  Under the mistletoe.",13
5201,171,49,3,I thought it would annoy Ron most. But he's a menace.  He's got more tentacles than a Snarfalump plant.,19
5205,171,49,3,"On second thought -- maybe it'll keep Cormac at bay.  Oh no, here he comes!",15
5282,173,45,3,"You have to realize who you are, Harry.",8
5284,173,45,3,Sorry. So tell me what Arthur said.,7
5286,173,45,3,What would Draco want with a Vanishing Cabinet?,8
5288,173,45,3,"He looks different, don't you think?  Draco.  Almost... ill.",9
5292,173,45,3,"Excuse me, I have to go vomit.",7
5329,175,39,3,"Dead. Did you actually expect you could just walk up to Ol' Sluggy and ask him to reveal his deepest, darkest secret?  Honestly, Harry, sometimes I think the Daily Prophet should call you the Dim One.",36
5331,175,39,3,"You're going to have to persuade him somehow.  And now, I'm afraid, you've made it a lot harder.",18
5334,175,39,3,That's... not possible.  No one can leave the castle these days. The Map is wrong.,15
5398,175,43,3,I might ask you the same.,6
5400,175,43,3,I happen to be his... friend.,6
5402,175,43,3,"He's been poisoned, you daft dimbo! And for the record, I've always found him interesting.",15
5409,176,36,3,Ron.  Stop.  You're making it snow.,6
5412,176,36,3,"Um, well, she came to visit you in the hospital, you see, and you talked -- I don't believe it was a long conversation --",25
5414,176,36,3,"Does, doesn't she?  And you say you don't remember a thing from that night?  Not one thing?",17
5417,176,36,3,That's Katie.  That's Katie Bell.,5
5441,178,39,3,Well?  How do you feel?,5
5443,178,39,3,"Now remember.  Slughorn usually eats early, takes a short walk and then returns to his office.",16
5445,178,39,3,"What?  No, Harry -- you've got to go see Slughorn.  We have a plan --",15
5556,180,45,3,If one wants it to be.  Why?,7
5559,180,45,3,"Of course, and that explains the Vanishing Cabinet as well!",10
5563,180,45,3,What if there are?,4
5702,183,23,3,Strange.  Thinking this is a piece of Voldemort's soul...,9
5705,183,23,3,"'To the Dark Lord.  I know I will be dead long before you read this but I want you to know that it was I who discovered your secret.  I have stolen the real Horcrux and intend to destroy it as soon as I can.  I face death in the hope that when you meet your match, you will be mortal once more.  R.A.B.'",64
5707,183,23,3,"Ron's okay with it, you know.  You and Ginny.  But if I were you, when he's around, I'd keep the snogging to a minimum.",24
5709,183,23,3,We reckoned -- Ron and me.,6
5711,183,23,3,"I've always admired your courage, Harry, but sometimes... you're really thick.",11
5712,183,23,3,"You don't honestly think you can find all those Horcruxes by yourself, do you? You need us, Harry.",18
5714,183,23,3,Like that's going to happen.,5
5717,183,23,3,"Yes, but I'm exceptionally perceptive.",5
5719,183,23,3,Do you think we'll ever... come back?,7
5807,186,8,3,I told you he'd take it well.,7
5829,186,8,3,"Harry, your eyesight really is awful.",6
5931,189,17,3,"We were friendly, not close like Harry, but --",9
5945,189,17,3,To Harry!  It belongs to Harry! It chose him!  It came to him in the Chamber of Secrets when he most needed it!,23
5951,189,17,3,"Where is your guard, sir?",5
5999,191,7,3,Shaftesbury Avenue.  I used to come here to the theater with my mum and dad.  Just popped into my head.  I don't know why...,24
6001,191,7,3,We need to change.,4
6005,191,7,3,Always the tone of surprise.,5
6006,191,7,3,That'll be the books.,4
6009,191,7,3,"Ron's right.  Cappuccino, please.",4
6014,191,7,3,"Too dangerous.  If Voldemort's taken over the Ministry, none of the old places are safe.",15
6017,191,7,3,I've had the essentials packed for days.  Just in case.,10
6033,191,7,3,Maybe you still have the Trace on you.,8
6036,191,7,3,"We didn't celebrate your birthday, Harry.  Ginny and I -- we'd prepared a cake.  We were going to bring it out at the end of the wedding...",27
6044,191,7,3,"Mad-eye's doing, I'd guess.  In case Snape decided to come snooping.",11
6046,191,7,3,It's a spell to reveal human presence.,7
6052,191,7,3,Ron!  I've found him!,4
6054,191,7,3,"Harry, you can't just disappear. We thought --",8
6055,191,7,3,It's from your Mum.  To Sirius. Bathilda Bagshot...?,8
6059,191,7,3,"Harry.  I can imagine why you'd want to go there, but... I don't think Bathilda Bagshot is going to know where Voldemort hid his Horcruxes.",25
6065,191,7,3,"Yes.  Question is, did he actually destroy the real Horcrux?",10
6077,192,7,3,But was it here?  Did you ever see it?,9
6093,192,7,3,They have flesh memories.,4
6094,192,7,3,"Snitches.  They're never touched by bare skin until the Seeker captures it.  Even the wizard who fabricates it wears gloves.  That way, if there's a dispute, the Snitch can identify who first touched it.",34
6096,192,7,3,"When Scrimgeour first gave it to you, I thought it might open at your touch -- that Dumbledore had hidden something in it.",23
6112,193,7,3,You've still got it.,4
6118,194,70,3,"Well, unless one of you fancies wearing a skirt...",9
6119,194,70,3,Remember what we said.  Keep your eyes down.  Don't speak to anyone unless absolutely necessary.  Act as normal as possible.  Just do what you see everyone else doing. We do that -- and with a bit of luck -- we get ourselves inside. And then...,45
6123,194,70,3,"Completely, utterly, without question.",4
6126,194,70,3,"Mafalda Hopkirk, assistant in the Improper Use of Magic Office.",10
6128,194,70,3,You're somebody.  Be careful.,4
6135,194,70,3,Muggles.  In their rightful place.,5
6137,194,70,3,You appear to be quite popular.,6
6153,194,70,3,Try Finite Incantatem.  Of course if something's gone wrong with an Atmospheric Charm --,14
6157,194,70,3,I don't like him being on his own down there.,10
6159,194,70,3,"You really have horrible teeth, you know that.",8
6203,194,70,3,Harry... they've seen you.  We've got to get out of here.,11
6210,195,74,3,"Harry, quickly, in my bag, there's a small bottle labeled 'Essence of Dittany.'",13
6217,195,74,3,"We were.  We were there.  But Yaxley had hold of me.  I knew we couldn't stay once he'd seen, so when he let go I brought us here. Ron got Splinched.  I'm... sorry.",33
6219,195,74,3,It's all I feel safe doing.,6
6220,195,74,3,Salvio Hexia... Protego Totalum...,4
6222,195,74,3,"Protective enchantments.  I don't fancy another visit like we had on Shaftesbury Avenue, do you? Especially with Ron like this. You can get going on the tent...",27
6225,195,74,3,How're the mushrooms?  Seem to be the only edible things growing round here.,13
6227,195,74,3,Make sure to leave some for Ron.,7
6230,195,74,3,"He'll be alright in a few days. Hopefully.  If we could take him to Hogwarts, to Madam Pomfrey --",19
6231,195,74,3,So where do we go next?,6
6233,195,74,3,"It scares me a bit, that, thinking it's a piece of Vol--",12
6244,195,74,3,I hate it.  It's like he's here with us.,9
6253,195,74,3,I can put it in my bag --,8
6260,195,74,3,I thought it had stopped.,5
6261,195,74,3,"You can't let him in, Harry. Dumbledore himself said it.  You have to close your mind.  It's too dangerous --",20
6263,195,74,3,Tell me. What you saw.,5
6268,195,74,3,Viktor got his wand from Gregorovitch.  Most Durmstrang students did at one time.  What's he got to do with You-Know-Who?,20
6270,195,74,3,Don't -- It... comforts him.,5
6272,195,74,3,I think he just hopes he doesn't hear bad news.  It gets him through the day.,16
6274,195,74,3,"We've all made sacrifices, Harry.",5
6276,195,74,3,I don't know.  It takes time.  I'm doing all I can.,11
6279,195,74,3,Take it off.  Now.,4
6282,195,74,3,It's cold.  Even though it's been lying against your skin for days.,12
6283,195,74,3,We'll take turns.  Okay?,4
6287,196,74,3,He could smell it.  My perfume.,6
6289,197,74,3,I told you.  Ron's not strong enough to Apparate.,9
6295,197,74,3,No one can conjure food out of thin air.  Food is the first of the five Principal Exceptions to Gamp's Law.  The other four are --,26
6303,197,74,3,None of us do.,4
6305,197,74,3,I don't like this place.,5
6306,197,74,3,I want to go.,4
6307,197,74,3,I'll tell you in a minute.,6
6309,197,74,3,Alright.  The Sword of Gryffindor? It's Goblin made.,8
6311,197,74,3,You don't understand.  Dirt and rust have no effect on the blade. It only takes in that which makes it stronger.,21
6313,197,74,3,"Harry.  You already destroyed one Horcrux, right?  Tom Riddle's diary -- in the Chamber of Secrets.",16
6315,197,74,3,"Don't you see!  In the Chamber of Secrets, you stabbed the basilisk with the Sword of Gryffindor.",17
6316,197,74,3,Its blade is impregnated with basilisk venom.,7
6320,197,74,3,Which is why Dumbledore left it to you in his will.,11
6322,197,74,3,"Actually, I'm highly logical, which allows me to look past the extraneous detail and perceive clearly that which others overlook.",20
6337,197,74,3,"Take it off, Ron.  Please take it off.  You wouldn't be talking like this if you hadn't been wearing it all day --",23
6339,197,74,3,"Harry, we weren't --",4
6341,197,74,3,I didn't!  Not like that!  Harry -- I didn't!,9
6350,197,74,3,"What?  Ron, no -- please --",6
6353,198,74,3,It's a Muggle station.,4
6355,198,74,3,'I open at the close?',5
6357,198,74,3,"I don't know.  But look, I've found something as well...",10
6358,198,74,3,"I thought it was a picture of an eye, but now I don't think it is. It isn't a rune and it's not in Spellman's Syllabary either.  And it's been inked in -- somebody drew it -- it isn't part of the book.",43
6360,198,74,3,What d'you mean -- wearing it?,6
6362,198,74,3,Why would someone have drawn it in a children's book?,10
6364,198,74,3,And it's exactly where You-Know- Who will expect you to go. Because it means something to you.,17
6366,198,74,3,"It's dangerous, Harry.  But I have to admit, recently even I've been thinking we might have to go.  I think it's possible something else is hidden there. The sword.  If Dumbledore didn't want it falling into the Ministry's hands, but wanted you to find it, what better place to hide it than the birthplace of the founder of Gryffindor himself?",60
6368,198,74,3,"Harry, did you ever even open A History of Magic?",10
6371,198,74,3,Don't ever let me give you a haircut again.,9
6372,199,9,3,I still think we should've used Polyjuice Potion.,8
6374,199,9,3,"Harry, I think it's Christmas Eve! Listen...",7
6376,199,9,3,Yeah. I think they would.,5
6380,199,9,3,Did you know he had a sister?,7
6383,199,9,3,"Ignotus... Hey, Har --",4
6388,199,9,3,Someone's watching us.  By the gate.,6
6390,199,9,3,I don't think this is a good idea.,8
6392,199,9,3,Muggles who've just been laying flowers on your parents' grave.,10
6397,200,9,3,"Harry, I'm not sure about this.",6
6399,200,9,3,There's something odd about her. And what's that smell?,9
6402,200,9,3,"You have a lovely house, Miss Bagshot.",7
6418,200,68,3,"Harry... Harry, can you hear me...?",6
6424,200,68,3,I'm fine.  But you've been sick. Rest... Rest a bit more...,11
6426,200,68,3,"The Forest of Dean.  I came here once with my mum and dad, years ago.  It's just how I remember it. The trees.  The river.  It's like nothing's changed.  Not true, of course.  Everything's changed.  If I brought my parents here, they wouldn't recognize any of it.  Not the trees.  Not the river.  Not... me.",55
6428,200,68,3,"Wendell and Monica Wilkens now reside happily in Sydney, Australia.  They have two dogs, run a small sweet shop, but floss daily.  No children.",24
6429,200,68,3,"Maybe we should just stay here, Harry.  Grow old.",9
6430,200,68,3,"You wanted to know who the boy in the photograph was.  Well, I know.",14
6431,200,68,3,"It was in Bathilda's sitting room. Rita Skeeter had sent it to her. Harry, it doesn't make for very nice reading --",22
6437,200,68,3,"Gellert Grindelwald.  He's not very well known in Britain, but there was a time, before You-Know- Who...",17
6439,200,68,3,"When Grindelwald was seventeen, he was expelled from Durmstrang. He'd started doing some twisted things at school -- experiments. A few teachers had always protected him, but they couldn't anymore.  After he left, he traveled for awhile, then ended up in Godric's Hollow where his great aunt lived, Bathilda Bagshot.",50
6441,200,68,3,"She introduced him to Dumbledore. It made sense.  Dumbledore's mother had just died, Grindelwald was troubled and they were both brilliant -- they'd never really had anyone they could talk to on the same level.  They did a lot of talking that summer.  But they always returned to one particular subject.",51
6442,200,68,3,Wizard rule over Muggles.,4
6446,200,68,3,"It was something Dumbledore came up with.  He believed wizards were superior and should rule over Muggles, but gently, for their own good.  Grindelwald took a more violent position.",29
6447,200,68,3,"It was a different time, Harry. It was one summer.  Dumbledore was young --",14
6449,200,68,3,"He changed, Harry.  Years later, it was Dumbledore who put Grindelwald in prison.",13
6452,200,68,3,"It's my fault.  As we were leaving Godric's Hollow, I cast a curse and it rebounded... I'm sorry, Harry, I tried to mend it but wands are different --",29
6454,200,68,3,Maybe we can --,4
6457,201,68,3,"He loved you, Harry.  I know he loved you.",9
6487,201,68,3,"Who could look at you beside Harry Potter?  What are you, compared with the Chosen One...?",16
6490,201,68,3,"Who wouldn't prefer him, what woman would take you, you are nothing, nothing, nothing to him...",16
6503,201,68,3,"You -- complete -- arse -- Ronald -- Weasley!  You crawl back here after all these weeks and say, 'Hey?' Where's my wand?  Harry, where's my wand!",27
6505,201,68,3,"Harry Potter, you give me my wand!",7
6507,201,68,3,Never mind why he's got my wand --,8
6511,201,68,3,Don't think this changes anything.,5
6513,201,68,3,See me doing what things?,5
6514,201,68,3,What happened out there?,4
6523,202,68,3,And what may I ask did I say?,8
6541,202,68,3,What's going on in there?,5
6545,202,68,3,We need to talk.,4
6547,202,68,3,I want to go and see Xenophilius Lovegood.,8
6549,202,68,3,See this?  It's a letter Dumbledore wrote to Grindelwald. Look at the signature.  It's the mark again.,17
6550,202,68,3,It keeps cropping up.  Here.  In Beedle the Bard.  In the graveyard in Godric's Hollow -- what?,17
6555,202,68,3,"Harry, you don't have a clue where the next Horcrux is.  And neither do I.  But this, this means something.  I'm sure of it.",24
6559,202,68,3,I'm always mad at him.,5
6575,203,12,3,Do you see that?,4
6577,203,12,3,No!  Don't go near it!,5
6578,203,12,3,It's an Erumpent horn.  It's a Class B Tradeable Material.,10
6581,203,12,3,"Where is Luna, sir?",4
6596,203,12,3,"Granger.  Well... all right. There were once three brothers who were traveling along a lonely, winding road at twilight --",20
6598,203,12,3,"In time, the brothers reached a river too treacherous to pass...",11
6604,203,12,3,"Mr. Lovegood, does the Peverell family have anything to do with the Deathly Hallows?",14
6609,204,12,3,"It's obvious, isn't it?",4
6614,204,12,3,Its owner grew drunk with power and was murdered.,9
6616,204,12,3,"Why the Stone, Harry?",4
6618,204,12,3,But according to the story they don't want to come back.  It's all rubbish anyway.  There's no such thing as the Deathly Hallows.,23
6620,204,12,3,There have always been Cloaks --,6
6623,204,12,3,"Mr. Lovegood.  Thank you, sir --",6
6628,204,12,3,"No matter, sir.  We really ought to be go--",9
6636,204,12,3,Ron!  Harry!  Take my hand!,5
6690,206,13,3,I didn't take anything. Please. I didn't take anything.,9
6764,210,15,3,"Harry, are you thinking there's a Horcrux in Bellatrix's vault?",10
6789,211,15,3,Positive. Harry turns to the two wands on the table -- the ones he showed Ollivander -- and extends the longest to Hermione.,23
6792,211,15,3,But I hate that thing -- that's the wand that killed Sirius! How can I hold it and not feel...,20
6797,211,15,3,"It is, Harry. Did Dumbledore ever say anything to you, something that might explain why --",16
6800,211,15,3,"It's perfect. Thank you, Fleur.",5
6833,212,2,3,He's right. I was being stupid.,6
6873,212,2,3,It looks like it's been down here forever.,8
6885,212,2,3,No wonder Bellatrix thought it was real.,7
6887,213,2,3,"It's hot! All eyes turn to the bowl, WOBBLING MADLY on the floor, when... it SPLITS APART and begins to MULTIPLY.",21
6891,213,2,3,How're we going to reach it?,6
6903,214,2,3,We can't just stand here! Who's got an idea?,9
6905,214,2,3,I've got something. But it's mad.,6
6909,214,2,3,It doesn't realize it's free!,5
6917,214,74,3,How is it you --,5
6919,214,74,3,"You let him in! Harry, you can't --",8
6928,214,74,3,Tonight? But we have to plan. We have to figure out what --,13
6935,215,21,3,They were ready for us.,5
6939,215,21,3,"No, you'll give us away.",5
6944,216,21,3,Harry! I can see you! In here!,7
6955,216,21,3,Do you hear much from the others? From the Order?,10
6974,216,21,3,"That's Ariana, isn't it? Your sister. She's beautiful.",8
6976,216,21,3,"She died very young, didn't she.",6
6978,216,21,3,Mr. Dumbledore... thank you.,4
6979,216,21,3,"Did save our lives twice. Kept an eye on us in that mirror. That doesn't seem like someone who's given up, does it?",23
6980,216,21,3,She's coming back! And she's got someone with her!,9
6989,217,55,3,"How bad is it, Neville? With Snape as Headmaster.",9
6993,217,55,3,They did that to you? But why?,7
7050,219,66,3,Unless we can destroy it.,5
7052,219,66,3,You were thinking. It's Ron's idea. And it's brilliant.,9
7055,219,66,3,Where are you going?,4
7091,221,25,3,No. Of course not.,4
7143,223,66,3,He vanished. Just now. I saw it. Ron glances at MAP -- then:,13
7144,223,66,3,That's right. I did.,4
7162,223,55,3,Did you see where it went? The diadem!,8
7283,226,33,3,"What is it, Harry? What is it you",8
7286,226,33,3,I'll go with you. I/'ll --,6
7412,232,66,3,I don't want you to say anything you wouldn't say if we weren't about to be killed by a giant snake! It'll just ruin it!,25
7417,233,66,3,What's the matter with her?,5
7421,233,66,3,Can't make an omelette without breaking a few eggs.,9
7422,233,66,3,Something my mum used to say.,6
7423,233,66,3,Why didn't it work for him? The Elder wand.,9
7432,234,71,3,Don't forget to give Professor Longbottom our best.,8
